value,value_classification,date,timestamp_unix
30,Fear,2018-02-01,1517443200
15,Extreme Fear,2018-02-02,1517529600
40,Fear,2018-02-03,1517616000
24,Extreme Fear,2018-02-04,1517702400
11,Extreme Fear,2018-02-05,1517788800
8,Extreme Fear,2018-02-06,1517875200
36,Fear,2018-02-07,1517961600
30,Fear,2018-02-08,1518048000
44,Fear,2018-02-09,1518134400
54,Neutral,2018-02-10,1518220800
31,Fear,2018-02-11,1518307200
42,Fear,2018-02-12,1518393600
35,Fear,2018-02-13,1518480000
55,Greed,2018-02-14,1518566400
71,Greed,2018-02-15,1518652800
67,Greed,2018-02-16,1518739200
74,Greed,2018-02-17,1518825600
63,Greed,2018-02-18,1518912000
67,Greed,2018-02-19,1518998400
74,Greed,2018-02-20,1519084800
54,Neutral,2018-02-21,1519171200
44,Fear,2018-02-22,1519257600
39,Fear,2018-02-23,1519344000
31,Fear,2018-02-24,1519430400
33,Fear,2018-02-25,1519516800
37,Fear,2018-02-26,1519603200
44,Fear,2018-02-27,1519689600
41,Fear,2018-02-28,1519776000
38,Fear,2018-03-01,1519862400
47,Neutral,2018-03-02,1519948800
56,Greed,2018-03-03,1520035200
44,Fear,2018-03-04,1520121600
55,Greed,2018-03-05,1520208000
59,Greed,2018-03-06,1520294400
37,Fear,2018-03-07,1520380800
39,Fear,2018-03-08,1520467200
37,Fear,2018-03-09,1520553600
39,Fear,2018-03-10,1520640000
40,Fear,2018-03-11,1520726400
41,Fear,2018-03-12,1520812800
41,Fear,2018-03-13,1520899200
40,Fear,2018-03-14,1520985600
32,Fear,2018-03-15,1521072000
33,Fear,2018-03-16,1521158400
31,Fear,2018-03-17,1521244800
29,Fear,2018-03-18,1521331200
29,Fear,2018-03-19,1521417600
37,Fear,2018-03-20,1521504000
36,Fear,2018-03-21,1521590400
36,Fear,2018-03-22,1521676800
28,Fear,2018-03-23,1521763200
32,Fear,2018-03-24,1521849600
30,Fear,2018-03-25,1521936000
31,Fear,2018-03-26,1522022400
24,Extreme Fear,2018-03-27,1522108800
24,Extreme Fear,2018-03-28,1522195200
18,Extreme Fear,2018-03-29,1522281600
12,Extreme Fear,2018-03-30,1522368000
16,Extreme Fear,2018-03-31,1522454400
16,Extreme Fear,2018-04-01,1522540800
11,Extreme Fear,2018-04-02,1522627200
22,Extreme Fear,2018-04-03,1522713600
22,Extreme Fear,2018-04-04,1522800000
17,Extreme Fear,2018-04-05,1522886400
19,Extreme Fear,2018-04-06,1522972800
20,Extreme Fear,2018-04-07,1523059200
17,Extreme Fear,2018-04-08,1523145600
21,Extreme Fear,2018-04-09,1523232000
18,Extreme Fear,2018-04-10,1523318400
20,Extreme Fear,2018-04-11,1523404800
18,Extreme Fear,2018-04-12,1523491200
23,Extreme Fear,2018-04-13,1523577600
26,Fear,2018-04-17,1523923200
24,Extreme Fear,2018-04-18,1524009600
25,Extreme Fear,2018-04-19,1524096000
26,Fear,2018-04-20,1524182400
32,Fear,2018-04-21,1524268800
31,Fear,2018-04-22,1524355200
28,Fear,2018-04-23,1524441600
29,Fear,2018-04-24,1524528000
64,Greed,2018-04-25,1524614400
47,Neutral,2018-04-26,1524700800
55,Greed,2018-04-27,1524787200
54,Neutral,2018-04-28,1524873600
61,Greed,2018-04-29,1524960000
59,Greed,2018-04-30,1525046400
56,Greed,2018-05-01,1525132800
52,Neutral,2018-05-02,1525219200
55,Greed,2018-05-03,1525305600
56,Greed,2018-05-04,1525392000
63,Greed,2018-05-05,1525478400
67,Greed,2018-05-06,1525564800
56,Greed,2018-05-07,1525651200
62,Greed,2018-05-08,1525737600
53,Neutral,2018-05-09,1525824000
63,Greed,2018-05-10,1525910400
41,Fear,2018-05-11,1525996800
44,Fear,2018-05-12,1526083200
40,Fear,2018-05-13,1526169600
40,Fear,2018-05-14,1526256000
40,Fear,2018-05-15,1526342400
32,Fear,2018-05-16,1526428800
31,Fear,2018-05-17,1526515200
37,Fear,2018-05-18,1526601600
31,Fear,2018-05-19,1526688000
32,Fear,2018-05-20,1526774400
41,Fear,2018-05-21,1526860800
30,Fear,2018-05-22,1526947200
26,Fear,2018-05-23,1527033600
27,Fear,2018-05-24,1527120000
25,Extreme Fear,2018-05-25,1527206400
23,Extreme Fear,2018-05-26,1527292800
19,Extreme Fear,2018-05-27,1527379200
22,Extreme Fear,2018-05-28,1527465600
16,Extreme Fear,2018-05-29,1527552000
38,Fear,2018-05-30,1527638400
25,Extreme Fear,2018-05-31,1527724800
24,Extreme Fear,2018-06-01,1527811200
27,Fear,2018-06-02,1527897600
40,Fear,2018-06-03,1527984000
41,Fear,2018-06-04,1528070400
26,Fear,2018-06-05,1528156800
42,Fear,2018-06-06,1528243200
38,Fear,2018-06-07,1528329600
40,Fear,2018-06-08,1528416000
39,Fear,2018-06-09,1528502400
24,Extreme Fear,2018-06-10,1528588800
15,Extreme Fear,2018-06-11,1528675200
19,Extreme Fear,2018-06-12,1528761600
19,Extreme Fear,2018-06-13,1528848000
17,Extreme Fear,2018-06-14,1528934400
26,Fear,2018-06-15,1529020800
22,Extreme Fear,2018-06-16,1529107200
23,Extreme Fear,2018-06-17,1529193600
27,Fear,2018-06-18,1529280000
32,Fear,2018-06-19,1529366400
34,Fear,2018-06-20,1529452800
37,Fear,2018-06-21,1529539200
28,Fear,2018-06-22,1529625600
17,Extreme Fear,2018-06-23,1529712000
15,Extreme Fear,2018-06-24,1529798400
16,Extreme Fear,2018-06-25,1529884800
21,Extreme Fear,2018-06-26,1529971200
18,Extreme Fear,2018-06-27,1530057600
20,Extreme Fear,2018-06-28,1530144000
16,Extreme Fear,2018-06-29,1530230400
22,Extreme Fear,2018-06-30,1530316800
27,Fear,2018-07-01,1530403200
27,Fear,2018-07-02,1530489600
31,Fear,2018-07-03,1530576000
33,Fear,2018-07-04,1530662400
37,Fear,2018-07-05,1530748800
34,Fear,2018-07-06,1530835200
34,Fear,2018-07-07,1530921600
38,Fear,2018-07-08,1531008000
39,Fear,2018-07-09,1531094400
37,Fear,2018-07-10,1531180800
29,Fear,2018-07-11,1531267200
33,Fear,2018-07-12,1531353600
29,Fear,2018-07-13,1531440000
29,Fear,2018-07-14,1531526400
32,Fear,2018-07-15,1531612800
36,Fear,2018-07-16,1531699200
39,Fear,2018-07-17,1531785600
42,Fear,2018-07-18,1531872000
44,Fear,2018-07-19,1531958400
47,Neutral,2018-07-20,1532044800
43,Fear,2018-07-21,1532131200
46,Fear,2018-07-22,1532217600
44,Fear,2018-07-23,1532304000
49,Neutral,2018-07-24,1532390400
54,Neutral,2018-07-25,1532476800
53,Neutral,2018-07-26,1532563200
47,Neutral,2018-07-27,1532649600
54,Neutral,2018-07-28,1532736000
54,Neutral,2018-07-29,1532822400
53,Neutral,2018-07-30,1532908800
48,Neutral,2018-07-31,1532995200
39,Fear,2018-08-01,1533081600
39,Fear,2018-08-02,1533168000
36,Fear,2018-08-03,1533254400
31,Fear,2018-08-04,1533340800
23,Extreme Fear,2018-08-05,1533427200
25,Extreme Fear,2018-08-06,1533513600
25,Extreme Fear,2018-08-07,1533600000
23,Extreme Fear,2018-08-08,1533686400
19,Extreme Fear,2018-08-09,1533772800
21,Extreme Fear,2018-08-10,1533859200
18,Extreme Fear,2018-08-11,1533945600
18,Extreme Fear,2018-08-12,1534032000
21,Extreme Fear,2018-08-13,1534118400
16,Extreme Fear,2018-08-14,1534204800
18,Extreme Fear,2018-08-15,1534291200
21,Extreme Fear,2018-08-16,1534377600
19,Extreme Fear,2018-08-17,1534464000
24,Extreme Fear,2018-08-18,1534550400
27,Fear,2018-08-19,1534636800
26,Fear,2018-08-20,1534723200
19,Extreme Fear,2018-08-21,1534809600
21,Extreme Fear,2018-08-22,1534896000
18,Extreme Fear,2018-08-23,1534982400
19,Extreme Fear,2018-08-24,1535068800
22,Extreme Fear,2018-08-25,1535155200
19,Extreme Fear,2018-08-26,1535241600
18,Extreme Fear,2018-08-27,1535328000
19,Extreme Fear,2018-08-28,1535414400
19,Extreme Fear,2018-08-29,1535500800
22,Extreme Fear,2018-08-30,1535587200
17,Extreme Fear,2018-08-31,1535673600
21,Extreme Fear,2018-09-01,1535760000
18,Extreme Fear,2018-09-02,1535846400
19,Extreme Fear,2018-09-03,1535932800
26,Fear,2018-09-04,1536019200
17,Extreme Fear,2018-09-05,1536105600
14,Extreme Fear,2018-09-06,1536192000
17,Extreme Fear,2018-09-07,1536278400
18,Extreme Fear,2018-09-08,1536364800
13,Extreme Fear,2018-09-09,1536451200
15,Extreme Fear,2018-09-10,1536537600
18,Extreme Fear,2018-09-11,1536624000
14,Extreme Fear,2018-09-12,1536710400
20,Extreme Fear,2018-09-13,1536796800
23,Extreme Fear,2018-09-14,1536883200
24,Extreme Fear,2018-09-15,1536969600
28,Fear,2018-09-16,1537056000
25,Extreme Fear,2018-09-17,1537142400
21,Extreme Fear,2018-09-18,1537228800
24,Extreme Fear,2018-09-19,1537315200
24,Extreme Fear,2018-09-20,1537401600
31,Fear,2018-09-21,1537488000
35,Fear,2018-09-22,1537574400
38,Fear,2018-09-23,1537660800
43,Fear,2018-09-24,1537747200
37,Fear,2018-09-25,1537833600
37,Fear,2018-09-26,1537920000
42,Fear,2018-09-27,1538006400
42,Fear,2018-09-28,1538092800
37,Fear,2018-09-29,1538179200
34,Fear,2018-09-30,1538265600
35,Fear,2018-10-01,1538352000
33,Fear,2018-10-02,1538438400
36,Fear,2018-10-03,1538524800
29,Fear,2018-10-04,1538611200
37,Fear,2018-10-05,1538697600
34,Fear,2018-10-06,1538784000
29,Fear,2018-10-07,1538870400
26,Fear,2018-10-08,1538956800
31,Fear,2018-10-09,1539043200
28,Fear,2018-10-10,1539129600
19,Extreme Fear,2018-10-11,1539216000
13,Extreme Fear,2018-10-12,1539302400
15,Extreme Fear,2018-10-13,1539388800
18,Extreme Fear,2018-10-14,1539475200
20,Extreme Fear,2018-10-15,1539561600
24,Extreme Fear,2018-10-16,1539648000
23,Extreme Fear,2018-10-17,1539734400
26,Fear,2018-10-18,1539820800
24,Extreme Fear,2018-10-19,1539907200
21,Extreme Fear,2018-10-20,1539993600
21,Extreme Fear,2018-10-21,1540080000
27,Fear,2018-10-22,1540166400
24,Extreme Fear,2018-10-23,1540252800
23,Extreme Fear,2018-10-24,1540339200
25,Extreme Fear,2018-10-25,1540425600
29,Fear,2018-10-26,1540512000
33,Fear,2018-10-27,1540598400
35,Fear,2018-10-28,1540684800
34,Fear,2018-10-29,1540771200
31,Fear,2018-10-30,1540857600
32,Fear,2018-10-31,1540944000
29,Fear,2018-11-01,1541030400
36,Fear,2018-11-02,1541116800
36,Fear,2018-11-03,1541203200
41,Fear,2018-11-04,1541289600
42,Fear,2018-11-05,1541376000
42,Fear,2018-11-06,1541462400
48,Neutral,2018-11-07,1541548800
51,Neutral,2018-11-08,1541635200
47,Neutral,2018-11-09,1541721600
52,Neutral,2018-11-10,1541808000
54,Neutral,2018-11-11,1541894400
52,Neutral,2018-11-12,1541980800
56,Greed,2018-11-13,1542067200
49,Neutral,2018-11-14,1542153600
28,Fear,2018-11-15,1542240000
23,Extreme Fear,2018-11-16,1542326400
24,Extreme Fear,2018-11-17,1542412800
26,Fear,2018-11-18,1542499200
28,Fear,2018-11-19,1542585600
21,Extreme Fear,2018-11-20,1542672000
15,Extreme Fear,2018-11-21,1542758400
14,Extreme Fear,2018-11-22,1542844800
12,Extreme Fear,2018-11-23,1542931200
15,Extreme Fear,2018-11-24,1543017600
9,Extreme Fear,2018-11-25,1543104000
17,Extreme Fear,2018-11-26,1543190400
11,Extreme Fear,2018-11-27,1543276800
14,Extreme Fear,2018-11-28,1543363200
18,Extreme Fear,2018-11-29,1543449600
19,Extreme Fear,2018-11-30,1543536000
13,Extreme Fear,2018-12-01,1543622400
15,Extreme Fear,2018-12-02,1543708800
17,Extreme Fear,2018-12-03,1543795200
12,Extreme Fear,2018-12-04,1543881600
19,Extreme Fear,2018-12-05,1543968000
13,Extreme Fear,2018-12-06,1544054400
11,Extreme Fear,2018-12-07,1544140800
11,Extreme Fear,2018-12-08,1544227200
14,Extreme Fear,2018-12-09,1544313600
19,Extreme Fear,2018-12-10,1544400000
15,Extreme Fear,2018-12-11,1544486400
14,Extreme Fear,2018-12-12,1544572800
14,Extreme Fear,2018-12-13,1544659200
10,Extreme Fear,2018-12-14,1544745600
11,Extreme Fear,2018-12-15,1544832000
13,Extreme Fear,2018-12-16,1544918400
17,Extreme Fear,2018-12-17,1545004800
23,Extreme Fear,2018-12-18,1545091200
21,Extreme Fear,2018-12-19,1545177600
27,Fear,2018-12-20,1545264000
35,Fear,2018-12-21,1545350400
28,Fear,2018-12-22,1545436800
31,Fear,2018-12-23,1545523200
25,Extreme Fear,2018-12-24,1545609600
33,Fear,2018-12-25,1545696000
26,Fear,2018-12-26,1545782400
29,Fear,2018-12-27,1545868800
21,Extreme Fear,2018-12-28,1545955200
24,Extreme Fear,2018-12-29,1546041600
23,Extreme Fear,2018-12-30,1546128000
26,Fear,2018-12-31,1546214400
24,Extreme Fear,2019-01-01,1546300800
30,Fear,2019-01-02,1546387200
33,Fear,2019-01-03,1546473600
48,Neutral,2019-01-04,1546560000
36,Fear,2019-01-05,1546646400
31,Fear,2019-01-06,1546732800
39,Fear,2019-01-07,1546819200
39,Fear,2019-01-08,1546905600
42,Fear,2019-01-09,1546992000
37,Fear,2019-01-10,1547078400
19,Extreme Fear,2019-01-11,1547164800
22,Extreme Fear,2019-01-12,1547251200
21,Extreme Fear,2019-01-13,1547337600
16,Extreme Fear,2019-01-14,1547424000
27,Fear,2019-01-15,1547510400
24,Extreme Fear,2019-01-16,1547596800
28,Fear,2019-01-17,1547683200
29,Fear,2019-01-18,1547769600
31,Fear,2019-01-19,1547856000
35,Fear,2019-01-20,1547942400
30,Fear,2019-01-21,1548028800
27,Fear,2019-01-22,1548115200
33,Fear,2019-01-23,1548201600
37,Fear,2019-01-24,1548288000
35,Fear,2019-01-25,1548374400
41,Fear,2019-01-26,1548460800
39,Fear,2019-01-27,1548547200
35,Fear,2019-01-28,1548633600
21,Extreme Fear,2019-01-29,1548720000
22,Extreme Fear,2019-01-30,1548806400
17,Extreme Fear,2019-01-31,1548892800
23,Extreme Fear,2019-02-01,1548979200
22,Extreme Fear,2019-02-02,1549065600
19,Extreme Fear,2019-02-03,1549152000
27,Fear,2019-02-04,1549238400
21,Extreme Fear,2019-02-05,1549324800
14,Extreme Fear,2019-02-06,1549411200
18,Extreme Fear,2019-02-07,1549497600
37,Fear,2019-02-08,1549584000
42,Fear,2019-02-09,1549670400
40,Fear,2019-02-10,1549756800
46,Fear,2019-02-11,1549843200
38,Fear,2019-02-12,1549929600
48,Neutral,2019-02-13,1550016000
48,Neutral,2019-02-14,1550102400
43,Fear,2019-02-15,1550188800
43,Fear,2019-02-16,1550275200
38,Fear,2019-02-17,1550361600
63,Greed,2019-02-18,1550448000
65,Greed,2019-02-19,1550534400
59,Greed,2019-02-20,1550620800
59,Greed,2019-02-21,1550707200
61,Greed,2019-02-22,1550793600
63,Greed,2019-02-23,1550880000
69,Greed,2019-02-24,1550966400
47,Neutral,2019-02-25,1551052800
40,Fear,2019-02-26,1551139200
39,Fear,2019-02-27,1551225600
39,Fear,2019-02-28,1551312000
42,Fear,2019-03-01,1551398400
41,Fear,2019-03-02,1551484800
44,Fear,2019-03-03,1551571200
36,Fear,2019-03-04,1551657600
35,Fear,2019-03-05,1551744000
42,Fear,2019-03-06,1551830400
56,Greed,2019-03-07,1551916800
54,Neutral,2019-03-08,1552003200
55,Greed,2019-03-09,1552089600
55,Greed,2019-03-10,1552176000
56,Greed,2019-03-11,1552262400
56,Greed,2019-03-12,1552348800
54,Neutral,2019-03-13,1552435200
55,Greed,2019-03-14,1552521600
55,Greed,2019-03-15,1552608000
54,Neutral,2019-03-16,1552694400
58,Greed,2019-03-17,1552780800
56,Greed,2019-03-18,1552867200
56,Greed,2019-03-19,1552953600
55,Greed,2019-03-20,1553040000
62,Greed,2019-03-21,1553126400
56,Greed,2019-03-22,1553212800
50,Neutral,2019-03-23,1553299200
44,Fear,2019-03-24,1553385600
46,Fear,2019-03-25,1553472000
43,Fear,2019-03-26,1553558400
44,Fear,2019-03-27,1553644800
49,Neutral,2019-03-28,1553731200
50,Neutral,2019-03-29,1553817600
57,Greed,2019-03-30,1553904000
56,Greed,2019-03-31,1553990400
62,Greed,2019-04-01,1554076800
60,Greed,2019-04-02,1554163200
71,Greed,2019-04-03,1554249600
61,Greed,2019-04-04,1554336000
59,Greed,2019-04-05,1554422400
65,Greed,2019-04-06,1554508800
69,Greed,2019-04-07,1554595200
65,Greed,2019-04-08,1554681600
64,Greed,2019-04-09,1554768000
62,Greed,2019-04-10,1554854400
65,Greed,2019-04-11,1554940800
42,Fear,2019-04-12,1555027200
62,Greed,2019-04-13,1555113600
51,Neutral,2019-04-14,1555200000
60,Greed,2019-04-15,1555286400
50,Neutral,2019-04-16,1555372800
61,Greed,2019-04-17,1555459200
64,Greed,2019-04-18,1555545600
61,Greed,2019-04-19,1555632000
62,Greed,2019-04-20,1555718400
62,Greed,2019-04-21,1555804800
61,Greed,2019-04-22,1555891200
68,Greed,2019-04-23,1555977600
65,Greed,2019-04-24,1556064000
58,Greed,2019-04-25,1556150400
41,Fear,2019-04-26,1556236800
42,Fear,2019-04-27,1556323200
40,Fear,2019-04-28,1556409600
42,Fear,2019-04-29,1556496000
42,Fear,2019-04-30,1556582400
51,Neutral,2019-05-01,1556668800
50,Neutral,2019-05-02,1556755200
63,Greed,2019-05-03,1556841600
66,Greed,2019-05-04,1556928000
67,Greed,2019-05-05,1557014400
57,Greed,2019-05-06,1557100800
69,Greed,2019-05-07,1557187200
63,Greed,2019-05-08,1557273600
69,Greed,2019-05-09,1557360000
71,Greed,2019-05-10,1557446400
76,Extreme Greed,2019-05-11,1557532800
75,Greed,2019-05-12,1557619200
78,Extreme Greed,2019-05-13,1557705600
78,Extreme Greed,2019-05-14,1557792000
77,Extreme Greed,2019-05-15,1557878400
75,Greed,2019-05-16,1557964800
65,Greed,2019-05-17,1558051200
67,Greed,2019-05-18,1558137600
70,Greed,2019-05-19,1558224000
73,Greed,2019-05-20,1558310400
68,Greed,2019-05-21,1558396800
69,Greed,2019-05-22,1558483200
65,Greed,2019-05-23,1558569600
64,Greed,2019-05-24,1558656000
69,Greed,2019-05-25,1558742400
67,Greed,2019-05-26,1558828800
70,Greed,2019-05-27,1558915200
71,Greed,2019-05-28,1559001600
71,Greed,2019-05-29,1559088000
73,Greed,2019-05-30,1559174400
61,Greed,2019-05-31,1559260800
62,Greed,2019-06-01,1559347200
63,Greed,2019-06-02,1559433600
66,Greed,2019-06-03,1559520000
42,Fear,2019-06-04,1559606400
27,Fear,2019-06-05,1559692800
34,Fear,2019-06-06,1559779200
27,Fear,2019-06-07,1559865600
62,Greed,2019-06-08,1559952000
62,Greed,2019-06-09,1560038400
46,Fear,2019-06-10,1560124800
61,Greed,2019-06-11,1560211200
60,Greed,2019-06-12,1560297600
63,Greed,2019-06-13,1560384000
67,Greed,2019-06-14,1560470400
75,Greed,2019-06-15,1560556800
80,Extreme Greed,2019-06-16,1560643200
84,Extreme Greed,2019-06-17,1560729600
83,Extreme Greed,2019-06-18,1560816000
82,Extreme Greed,2019-06-19,1560902400
81,Extreme Greed,2019-06-20,1560988800
84,Extreme Greed,2019-06-21,1561075200
83,Extreme Greed,2019-06-22,1561161600
84,Extreme Greed,2019-06-23,1561248000
80,Extreme Greed,2019-06-24,1561334400
87,Extreme Greed,2019-06-25,1561420800
95,Extreme Greed,2019-06-26,1561507200
92,Extreme Greed,2019-06-27,1561593600
62,Greed,2019-06-28,1561680000
74,Greed,2019-06-29,1561766400
78,Extreme Greed,2019-06-30,1561852800
65,Greed,2019-07-01,1561939200
63,Greed,2019-07-02,1562025600
79,Extreme Greed,2019-07-03,1562112000
76,Extreme Greed,2019-07-04,1562198400
67,Greed,2019-07-05,1562284800
72,Greed,2019-07-06,1562371200
67,Greed,2019-07-07,1562457600
74,Greed,2019-07-08,1562544000
84,Extreme Greed,2019-07-09,1562630400
83,Extreme Greed,2019-07-10,1562716800
62,Greed,2019-07-11,1562803200
33,Fear,2019-07-12,1562889600
65,Greed,2019-07-13,1562976000
61,Greed,2019-07-14,1563062400
16,Extreme Fear,2019-07-15,1563148800
34,Fear,2019-07-16,1563235200
19,Extreme Fear,2019-07-17,1563321600
40,Fear,2019-07-18,1563408000
42,Fear,2019-07-19,1563494400
34,Fear,2019-07-20,1563580800
42,Fear,2019-07-21,1563667200
42,Fear,2019-07-22,1563753600
40,Fear,2019-07-23,1563840000
20,Extreme Fear,2019-07-24,1563926400
42,Fear,2019-07-25,1564012800
24,Extreme Fear,2019-07-26,1564099200
47,Neutral,2019-07-27,1564185600
16,Extreme Fear,2019-07-28,1564272000
19,Extreme Fear,2019-07-29,1564358400
22,Extreme Fear,2019-07-30,1564444800
31,Fear,2019-07-31,1564531200
57,Greed,2019-08-01,1564617600
61,Greed,2019-08-02,1564704000
61,Greed,2019-08-03,1564790400
62,Greed,2019-08-04,1564876800
64,Greed,2019-08-05,1564963200
66,Greed,2019-08-06,1565049600
45,Fear,2019-08-07,1565136000
61,Greed,2019-08-08,1565222400
60,Greed,2019-08-09,1565308800
59,Greed,2019-08-10,1565395200
45,Fear,2019-08-11,1565481600
48,Neutral,2019-08-12,1565568000
45,Fear,2019-08-13,1565654400
11,Extreme Fear,2019-08-14,1565740800
13,Extreme Fear,2019-08-15,1565827200
31,Fear,2019-08-16,1565913600
20,Extreme Fear,2019-08-17,1566000000
14,Extreme Fear,2019-08-18,1566086400
30,Fear,2019-08-19,1566172800
39,Fear,2019-08-20,1566259200
11,Extreme Fear,2019-08-21,1566345600
5,Extreme Fear,2019-08-22,1566432000
33,Fear,2019-08-23,1566518400
39,Fear,2019-08-24,1566604800
33,Fear,2019-08-25,1566691200
41,Fear,2019-08-26,1566777600
30,Fear,2019-08-27,1566864000
32,Fear,2019-08-28,1566950400
20,Extreme Fear,2019-08-29,1567036800
24,Extreme Fear,2019-08-30,1567123200
20,Extreme Fear,2019-08-31,1567209600
24,Extreme Fear,2019-09-01,1567296000
28,Fear,2019-09-02,1567382400
41,Fear,2019-09-03,1567468800
43,Fear,2019-09-04,1567555200
41,Fear,2019-09-05,1567641600
43,Fear,2019-09-06,1567728000
39,Fear,2019-09-07,1567814400
43,Fear,2019-09-08,1567900800
41,Fear,2019-09-09,1567987200
41,Fear,2019-09-10,1568073600
38,Fear,2019-09-11,1568160000
39,Fear,2019-09-12,1568246400
38,Fear,2019-09-13,1568332800
39,Fear,2019-09-14,1568419200
38,Fear,2019-09-15,1568505600
38,Fear,2019-09-16,1568592000
41,Fear,2019-09-17,1568678400
38,Fear,2019-09-18,1568764800
31,Fear,2019-09-19,1568851200
41,Fear,2019-09-20,1568937600
37,Fear,2019-09-21,1569024000
37,Fear,2019-09-22,1569110400
41,Fear,2019-09-23,1569196800
39,Fear,2019-09-24,1569283200
15,Extreme Fear,2019-09-25,1569369600
12,Extreme Fear,2019-09-26,1569456000
24,Extreme Fear,2019-09-27,1569542400
32,Fear,2019-09-28,1569628800
33,Fear,2019-09-29,1569715200
27,Fear,2019-09-30,1569801600
38,Fear,2019-10-01,1569888000
39,Fear,2019-10-02,1569974400
37,Fear,2019-10-03,1570060800
30,Fear,2019-10-04,1570147200
31,Fear,2019-10-05,1570233600
32,Fear,2019-10-06,1570320000
27,Fear,2019-10-07,1570406400
39,Fear,2019-10-08,1570492800
37,Fear,2019-10-09,1570579200
41,Fear,2019-10-10,1570665600
39,Fear,2019-10-11,1570752000
38,Fear,2019-10-12,1570838400
38,Fear,2019-10-13,1570924800
37,Fear,2019-10-14,1571011200
39,Fear,2019-10-15,1571097600
40,Fear,2019-10-16,1571184000
40,Fear,2019-10-17,1571270400
40,Fear,2019-10-18,1571356800
41,Fear,2019-10-19,1571443200
37,Fear,2019-10-20,1571529600
37,Fear,2019-10-21,1571616000
39,Fear,2019-10-22,1571702400
33,Fear,2019-10-23,1571788800
20,Extreme Fear,2019-10-24,1571875200
24,Extreme Fear,2019-10-25,1571961600
53,Neutral,2019-10-26,1572048000
50,Neutral,2019-10-27,1572134400
52,Neutral,2019-10-28,1572220800
54,Neutral,2019-10-29,1572307200
53,Neutral,2019-10-30,1572393600
50,Neutral,2019-10-31,1572480000
49,Neutral,2019-11-01,1572566400
51,Neutral,2019-11-02,1572652800
56,Greed,2019-11-03,1572739200
49,Neutral,2019-11-04,1572825600
54,Neutral,2019-11-05,1572912000
53,Neutral,2019-11-06,1572998400
54,Neutral,2019-11-07,1573084800
42,Fear,2019-11-08,1573171200
38,Fear,2019-11-09,1573257600
39,Fear,2019-11-10,1573344000
40,Fear,2019-11-11,1573430400
39,Fear,2019-11-12,1573516800
38,Fear,2019-11-13,1573603200
41,Fear,2019-11-14,1573689600
38,Fear,2019-11-15,1573776000
41,Fear,2019-11-16,1573862400
38,Fear,2019-11-17,1573948800
38,Fear,2019-11-18,1574035200
32,Fear,2019-11-19,1574121600
32,Fear,2019-11-20,1574208000
30,Fear,2019-11-21,1574294400
20,Extreme Fear,2019-11-22,1574380800
23,Extreme Fear,2019-11-23,1574467200
21,Extreme Fear,2019-11-24,1574553600
17,Extreme Fear,2019-11-25,1574640000
21,Extreme Fear,2019-11-26,1574726400
20,Extreme Fear,2019-11-27,1574812800
32,Fear,2019-11-28,1574899200
31,Fear,2019-11-29,1574985600
38,Fear,2019-11-30,1575072000
25,Extreme Fear,2019-12-01,1575158400
28,Fear,2019-12-02,1575244800
28,Fear,2019-12-03,1575331200
24,Extreme Fear,2019-12-04,1575417600
21,Extreme Fear,2019-12-05,1575504000
29,Fear,2019-12-06,1575590400
32,Fear,2019-12-07,1575676800
28,Fear,2019-12-08,1575763200
32,Fear,2019-12-09,1575849600
26,Fear,2019-12-10,1575936000
20,Extreme Fear,2019-12-11,1576022400
23,Extreme Fear,2019-12-12,1576108800
22,Extreme Fear,2019-12-13,1576195200
27,Fear,2019-12-14,1576281600
21,Extreme Fear,2019-12-15,1576368000
24,Extreme Fear,2019-12-16,1576454400
23,Extreme Fear,2019-12-17,1576540800
15,Extreme Fear,2019-12-18,1576627200
21,Extreme Fear,2019-12-19,1576713600
23,Extreme Fear,2019-12-20,1576800000
23,Extreme Fear,2019-12-21,1576886400
20,Extreme Fear,2019-12-22,1576972800
33,Fear,2019-12-23,1577059200
25,Extreme Fear,2019-12-24,1577145600
22,Extreme Fear,2019-12-25,1577232000
39,Fear,2019-12-26,1577318400
38,Fear,2019-12-27,1577404800
37,Fear,2019-12-28,1577491200
37,Fear,2019-12-29,1577577600
40,Fear,2019-12-30,1577664000
38,Fear,2019-12-31,1577750400
37,Fear,2020-01-01,1577836800
39,Fear,2020-01-02,1577923200
38,Fear,2020-01-03,1578009600
38,Fear,2020-01-04,1578096000
39,Fear,2020-01-05,1578182400
41,Fear,2020-01-06,1578268800
40,Fear,2020-01-07,1578355200
51,Neutral,2020-01-08,1578441600
44,Fear,2020-01-09,1578528000
41,Fear,2020-01-10,1578614400
50,Neutral,2020-01-11,1578700800
45,Fear,2020-01-12,1578787200
49,Neutral,2020-01-13,1578873600
56,Greed,2020-01-14,1578960000
54,Neutral,2020-01-15,1579046400
55,Greed,2020-01-16,1579132800
54,Neutral,2020-01-17,1579219200
51,Neutral,2020-01-18,1579305600
53,Neutral,2020-01-19,1579392000
48,Neutral,2020-01-20,1579478400
49,Neutral,2020-01-21,1579564800
52,Neutral,2020-01-22,1579651200
49,Neutral,2020-01-23,1579737600
40,Fear,2020-01-24,1579824000
41,Fear,2020-01-25,1579910400
42,Fear,2020-01-26,1579996800
50,Neutral,2020-01-27,1580083200
54,Neutral,2020-01-28,1580169600
57,Greed,2020-01-29,1580256000
57,Greed,2020-01-30,1580342400
55,Greed,2020-01-31,1580428800
57,Greed,2020-02-01,1580515200
57,Greed,2020-02-02,1580601600
59,Greed,2020-02-03,1580688000
56,Greed,2020-02-04,1580774400
53,Neutral,2020-02-05,1580860800
61,Greed,2020-02-06,1580947200
56,Greed,2020-02-07,1581033600
56,Greed,2020-02-08,1581120000
56,Greed,2020-02-09,1581206400
57,Greed,2020-02-10,1581292800
52,Neutral,2020-02-11,1581379200
61,Greed,2020-02-12,1581465600
65,Greed,2020-02-13,1581552000
63,Greed,2020-02-14,1581638400
64,Greed,2020-02-15,1581724800
59,Greed,2020-02-16,1581811200
49,Neutral,2020-02-17,1581897600
53,Neutral,2020-02-18,1581984000
50,Neutral,2020-02-19,1582070400
44,Fear,2020-02-20,1582156800
44,Fear,2020-02-21,1582243200
43,Fear,2020-02-22,1582329600
46,Fear,2020-02-23,1582416000
46,Fear,2020-02-24,1582502400
44,Fear,2020-02-25,1582588800
41,Fear,2020-02-26,1582675200
39,Fear,2020-02-27,1582761600
40,Fear,2020-02-28,1582848000
38,Fear,2020-02-29,1582934400
39,Fear,2020-03-01,1583020800
38,Fear,2020-03-02,1583107200
38,Fear,2020-03-03,1583193600
40,Fear,2020-03-04,1583280000
41,Fear,2020-03-05,1583366400
39,Fear,2020-03-06,1583452800
38,Fear,2020-03-07,1583539200
33,Fear,2020-03-08,1583625600
17,Extreme Fear,2020-03-09,1583712000
16,Extreme Fear,2020-03-10,1583798400
17,Extreme Fear,2020-03-11,1583884800
14,Extreme Fear,2020-03-12,1583971200
10,Extreme Fear,2020-03-13,1584057600
8,Extreme Fear,2020-03-14,1584144000
12,Extreme Fear,2020-03-15,1584230400
9,Extreme Fear,2020-03-16,1584316800
8,Extreme Fear,2020-03-17,1584403200
11,Extreme Fear,2020-03-18,1584489600
12,Extreme Fear,2020-03-19,1584576000
9,Extreme Fear,2020-03-20,1584662400
9,Extreme Fear,2020-03-21,1584748800
11,Extreme Fear,2020-03-22,1584835200
10,Extreme Fear,2020-03-23,1584921600
12,Extreme Fear,2020-03-24,1585008000
13,Extreme Fear,2020-03-25,1585094400
14,Extreme Fear,2020-03-26,1585180800
12,Extreme Fear,2020-03-27,1585267200
8,Extreme Fear,2020-03-28,1585353600
12,Extreme Fear,2020-03-29,1585440000
10,Extreme Fear,2020-03-30,1585526400
12,Extreme Fear,2020-03-31,1585612800
12,Extreme Fear,2020-04-01,1585699200
14,Extreme Fear,2020-04-02,1585785600
14,Extreme Fear,2020-04-03,1585872000
12,Extreme Fear,2020-04-04,1585958400
12,Extreme Fear,2020-04-05,1586044800
12,Extreme Fear,2020-04-06,1586131200
20,Extreme Fear,2020-04-07,1586217600
21,Extreme Fear,2020-04-08,1586304000
22,Extreme Fear,2020-04-09,1586390400
15,Extreme Fear,2020-04-10,1586476800
15,Extreme Fear,2020-04-11,1586563200
10,Extreme Fear,2020-04-12,1586649600
11,Extreme Fear,2020-04-13,1586736000
15,Extreme Fear,2020-04-14,1586822400
18,Extreme Fear,2020-04-15,1586908800
13,Extreme Fear,2020-04-16,1586995200
15,Extreme Fear,2020-04-17,1587081600
18,Extreme Fear,2020-04-18,1587168000
16,Extreme Fear,2020-04-19,1587254400
15,Extreme Fear,2020-04-20,1587340800
17,Extreme Fear,2020-04-21,1587427200
19,Extreme Fear,2020-04-22,1587513600
19,Extreme Fear,2020-04-23,1587600000
20,Extreme Fear,2020-04-24,1587686400
24,Extreme Fear,2020-04-25,1587772800
21,Extreme Fear,2020-04-26,1587859200
28,Fear,2020-04-27,1587945600
26,Fear,2020-04-28,1588032000
26,Fear,2020-04-29,1588118400
44,Fear,2020-04-30,1588204800
40,Fear,2020-05-01,1588291200
40,Fear,2020-05-02,1588377600
45,Fear,2020-05-03,1588464000
44,Fear,2020-05-04,1588550400
40,Fear,2020-05-05,1588636800
42,Fear,2020-05-06,1588723200
49,Neutral,2020-05-07,1588809600
55,Greed,2020-05-08,1588896000
56,Greed,2020-05-09,1588982400
48,Neutral,2020-05-10,1589068800
40,Fear,2020-05-11,1589155200
39,Fear,2020-05-12,1589241600
41,Fear,2020-05-13,1589328000
40,Fear,2020-05-14,1589414400
44,Fear,2020-05-15,1589500800
41,Fear,2020-05-16,1589587200
40,Fear,2020-05-17,1589673600
50,Neutral,2020-05-18,1589760000
50,Neutral,2020-05-19,1589846400
52,Neutral,2020-05-20,1589932800
49,Neutral,2020-05-21,1590019200
42,Fear,2020-05-22,1590105600
40,Fear,2020-05-23,1590192000
43,Fear,2020-05-24,1590278400
41,Fear,2020-05-25,1590364800
39,Fear,2020-05-26,1590451200
39,Fear,2020-05-27,1590537600
41,Fear,2020-05-28,1590624000
48,Neutral,2020-05-29,1590710400
48,Neutral,2020-05-30,1590796800
51,Neutral,2020-05-31,1590883200
50,Neutral,2020-06-01,1590969600
56,Greed,2020-06-02,1591056000
48,Neutral,2020-06-03,1591142400
54,Neutral,2020-06-04,1591228800
53,Neutral,2020-06-05,1591315200
54,Neutral,2020-06-06,1591401600
54,Neutral,2020-06-07,1591488000
53,Neutral,2020-06-08,1591574400
52,Neutral,2020-06-09,1591660800
54,Neutral,2020-06-10,1591747200
52,Neutral,2020-06-11,1591833600
38,Fear,2020-06-12,1591920000
38,Fear,2020-06-13,1592006400
40,Fear,2020-06-14,1592092800
37,Fear,2020-06-15,1592179200
39,Fear,2020-06-16,1592265600
38,Fear,2020-06-17,1592352000
40,Fear,2020-06-18,1592438400
39,Fear,2020-06-19,1592524800
38,Fear,2020-06-20,1592611200
37,Fear,2020-06-21,1592697600
38,Fear,2020-06-22,1592784000
41,Fear,2020-06-23,1592870400
50,Neutral,2020-06-24,1592956800
43,Fear,2020-06-25,1593043200
40,Fear,2020-06-26,1593129600
43,Fear,2020-06-27,1593216000
40,Fear,2020-06-28,1593302400
41,Fear,2020-06-29,1593388800
44,Fear,2020-06-30,1593475200
42,Fear,2020-07-01,1593561600
42,Fear,2020-07-02,1593648000
41,Fear,2020-07-03,1593734400
40,Fear,2020-07-04,1593820800
38,Fear,2020-07-05,1593907200
40,Fear,2020-07-06,1593993600
43,Fear,2020-07-07,1594080000
44,Fear,2020-07-08,1594166400
44,Fear,2020-07-09,1594252800
41,Fear,2020-07-10,1594339200
44,Fear,2020-07-11,1594425600
41,Fear,2020-07-12,1594512000
43,Fear,2020-07-13,1594598400
43,Fear,2020-07-14,1594684800
44,Fear,2020-07-15,1594771200
43,Fear,2020-07-16,1594857600
41,Fear,2020-07-17,1594944000
44,Fear,2020-07-18,1595030400
41,Fear,2020-07-19,1595116800
44,Fear,2020-07-20,1595203200
44,Fear,2020-07-21,1595289600
50,Neutral,2020-07-22,1595376000
55,Greed,2020-07-23,1595462400
53,Neutral,2020-07-24,1595548800
55,Greed,2020-07-25,1595635200
55,Greed,2020-07-26,1595721600
58,Greed,2020-07-27,1595808000
76,Extreme Greed,2020-07-28,1595894400
71,Greed,2020-07-29,1595980800
76,Extreme Greed,2020-07-30,1596067200
75,Greed,2020-07-31,1596153600
75,Greed,2020-08-01,1596240000
80,Extreme Greed,2020-08-02,1596326400
75,Greed,2020-08-03,1596412800
72,Greed,2020-08-04,1596499200
75,Greed,2020-08-05,1596585600
79,Extreme Greed,2020-08-06,1596672000
77,Extreme Greed,2020-08-07,1596758400
77,Extreme Greed,2020-08-08,1596844800
79,Extreme Greed,2020-08-09,1596931200
78,Extreme Greed,2020-08-10,1597017600
84,Extreme Greed,2020-08-11,1597104000
75,Greed,2020-08-12,1597190400
75,Greed,2020-08-13,1597276800
78,Extreme Greed,2020-08-14,1597363200
79,Extreme Greed,2020-08-15,1597449600
82,Extreme Greed,2020-08-16,1597536000
83,Extreme Greed,2020-08-17,1597622400
82,Extreme Greed,2020-08-18,1597708800
80,Extreme Greed,2020-08-19,1597795200
75,Greed,2020-08-20,1597881600
81,Extreme Greed,2020-08-21,1597968000
78,Extreme Greed,2020-08-22,1598054400
76,Extreme Greed,2020-08-23,1598140800
78,Extreme Greed,2020-08-24,1598227200
75,Greed,2020-08-25,1598313600
76,Extreme Greed,2020-08-26,1598400000
75,Greed,2020-08-27,1598486400
74,Greed,2020-08-28,1598572800
79,Extreme Greed,2020-08-29,1598659200
75,Greed,2020-08-30,1598745600
75,Greed,2020-08-31,1598832000
75,Greed,2020-09-01,1598918400
83,Extreme Greed,2020-09-02,1599004800
79,Extreme Greed,2020-09-03,1599091200
40,Fear,2020-09-04,1599177600
41,Fear,2020-09-05,1599264000
41,Fear,2020-09-06,1599350400
41,Fear,2020-09-07,1599436800
41,Fear,2020-09-08,1599523200
38,Fear,2020-09-09,1599609600
38,Fear,2020-09-10,1599696000
41,Fear,2020-09-11,1599782400
41,Fear,2020-09-12,1599868800
38,Fear,2020-09-13,1599955200
39,Fear,2020-09-14,1600041600
47,Neutral,2020-09-15,1600128000
43,Fear,2020-09-16,1600214400
48,Neutral,2020-09-17,1600300800
49,Neutral,2020-09-18,1600387200
48,Neutral,2020-09-19,1600473600
52,Neutral,2020-09-20,1600560000
48,Neutral,2020-09-21,1600646400
39,Fear,2020-09-22,1600732800
43,Fear,2020-09-23,1600819200
39,Fear,2020-09-24,1600905600
46,Fear,2020-09-25,1600992000
45,Fear,2020-09-26,1601078400
47,Neutral,2020-09-27,1601164800
43,Fear,2020-09-28,1601251200
45,Fear,2020-09-29,1601337600
49,Neutral,2020-09-30,1601424000
45,Fear,2020-10-01,1601510400
41,Fear,2020-10-02,1601596800
40,Fear,2020-10-03,1601683200
42,Fear,2020-10-04,1601769600
42,Fear,2020-10-05,1601856000
47,Neutral,2020-10-06,1601942400
43,Fear,2020-10-07,1602028800
46,Fear,2020-10-08,1602115200
48,Neutral,2020-10-09,1602201600
53,Neutral,2020-10-10,1602288000
55,Greed,2020-10-11,1602374400
52,Neutral,2020-10-12,1602460800
56,Greed,2020-10-13,1602547200
53,Neutral,2020-10-14,1602633600
56,Greed,2020-10-15,1602720000
52,Neutral,2020-10-16,1602806400
56,Greed,2020-10-17,1602892800
55,Greed,2020-10-18,1602979200
55,Greed,2020-10-19,1603065600
56,Greed,2020-10-20,1603152000
61,Greed,2020-10-21,1603238400
73,Greed,2020-10-22,1603324800
74,Greed,2020-10-23,1603411200
73,Greed,2020-10-24,1603497600
76,Extreme Greed,2020-10-25,1603584000
75,Greed,2020-10-26,1603670400
61,Greed,2020-10-27,1603756800
70,Greed,2020-10-28,1603843200
67,Greed,2020-10-29,1603929600
74,Greed,2020-10-30,1604016000
73,Greed,2020-10-31,1604102400
72,Greed,2020-11-01,1604188800
71,Greed,2020-11-02,1604275200
71,Greed,2020-11-03,1604361600
74,Greed,2020-11-04,1604448000
72,Greed,2020-11-05,1604534400
90,Extreme Greed,2020-11-06,1604620800
88,Extreme Greed,2020-11-07,1604707200
82,Extreme Greed,2020-11-08,1604793600
90,Extreme Greed,2020-11-09,1604880000
90,Extreme Greed,2020-11-10,1604966400
86,Extreme Greed,2020-11-11,1605052800
87,Extreme Greed,2020-11-12,1605139200
89,Extreme Greed,2020-11-13,1605225600
90,Extreme Greed,2020-11-14,1605312000
86,Extreme Greed,2020-11-15,1605398400
90,Extreme Greed,2020-11-16,1605484800
86,Extreme Greed,2020-11-17,1605571200
91,Extreme Greed,2020-11-18,1605657600
94,Extreme Greed,2020-11-19,1605744000
86,Extreme Greed,2020-11-20,1605830400
91,Extreme Greed,2020-11-21,1605916800
94,Extreme Greed,2020-11-22,1606003200
90,Extreme Greed,2020-11-23,1606089600
88,Extreme Greed,2020-11-24,1606176000
94,Extreme Greed,2020-11-25,1606262400
93,Extreme Greed,2020-11-26,1606348800
86,Extreme Greed,2020-11-27,1606435200
87,Extreme Greed,2020-11-28,1606521600
89,Extreme Greed,2020-11-29,1606608000
88,Extreme Greed,2020-11-30,1606694400
95,Extreme Greed,2020-12-01,1606780800
92,Extreme Greed,2020-12-02,1606867200
92,Extreme Greed,2020-12-03,1606953600
92,Extreme Greed,2020-12-04,1607040000
93,Extreme Greed,2020-12-05,1607126400
95,Extreme Greed,2020-12-06,1607212800
94,Extreme Greed,2020-12-07,1607299200
95,Extreme Greed,2020-12-08,1607385600
86,Extreme Greed,2020-12-09,1607472000
94,Extreme Greed,2020-12-10,1607558400
89,Extreme Greed,2020-12-11,1607644800
90,Extreme Greed,2020-12-12,1607731200
91,Extreme Greed,2020-12-13,1607817600
95,Extreme Greed,2020-12-14,1607904000
91,Extreme Greed,2020-12-15,1607990400
92,Extreme Greed,2020-12-16,1608076800
92,Extreme Greed,2020-12-17,1608163200
95,Extreme Greed,2020-12-18,1608249600
93,Extreme Greed,2020-12-19,1608336000
92,Extreme Greed,2020-12-20,1608422400
92,Extreme Greed,2020-12-21,1608508800
88,Extreme Greed,2020-12-22,1608595200
93,Extreme Greed,2020-12-23,1608681600
86,Extreme Greed,2020-12-24,1608768000
94,Extreme Greed,2020-12-25,1608854400
93,Extreme Greed,2020-12-26,1608940800
91,Extreme Greed,2020-12-27,1609027200
92,Extreme Greed,2020-12-28,1609113600
91,Extreme Greed,2020-12-29,1609200000
91,Extreme Greed,2020-12-30,1609286400
95,Extreme Greed,2020-12-31,1609372800
94,Extreme Greed,2021-01-01,1609459200
94,Extreme Greed,2021-01-02,1609545600
93,Extreme Greed,2021-01-03,1609632000
94,Extreme Greed,2021-01-04,1609718400
93,Extreme Greed,2021-01-05,1609804800
95,Extreme Greed,2021-01-06,1609891200
91,Extreme Greed,2021-01-07,1609977600
93,Extreme Greed,2021-01-08,1610064000
93,Extreme Greed,2021-01-09,1610150400
94,Extreme Greed,2021-01-10,1610236800
90,Extreme Greed,2021-01-11,1610323200
84,Extreme Greed,2021-01-12,1610409600
78,Extreme Greed,2021-01-13,1610496000
83,Extreme Greed,2021-01-14,1610582400
88,Extreme Greed,2021-01-15,1610668800
84,Extreme Greed,2021-01-16,1610755200
79,Extreme Greed,2021-01-17,1610841600
79,Extreme Greed,2021-01-18,1610928000
80,Extreme Greed,2021-01-19,1611014400
78,Extreme Greed,2021-01-20,1611100800
75,Greed,2021-01-21,1611187200
40,Fear,2021-01-22,1611273600
74,Greed,2021-01-23,1611360000
70,Greed,2021-01-24,1611446400
74,Greed,2021-01-25,1611532800
71,Greed,2021-01-26,1611619200
78,Extreme Greed,2021-01-27,1611705600
55,Greed,2021-01-28,1611792000
77,Extreme Greed,2021-01-29,1611878400
76,Extreme Greed,2021-01-30,1611964800
78,Extreme Greed,2021-01-31,1612051200
77,Extreme Greed,2021-02-01,1612137600
76,Extreme Greed,2021-02-02,1612224000
78,Extreme Greed,2021-02-03,1612310400
80,Extreme Greed,2021-02-04,1612396800
81,Extreme Greed,2021-02-05,1612483200
84,Extreme Greed,2021-02-06,1612569600
86,Extreme Greed,2021-02-07,1612656000
83,Extreme Greed,2021-02-08,1612742400
95,Extreme Greed,2021-02-09,1612828800
92,Extreme Greed,2021-02-10,1612915200
93,Extreme Greed,2021-02-11,1613001600
92,Extreme Greed,2021-02-12,1613088000
92,Extreme Greed,2021-02-13,1613174400
95,Extreme Greed,2021-02-14,1613260800
93,Extreme Greed,2021-02-15,1613347200
95,Extreme Greed,2021-02-16,1613433600
95,Extreme Greed,2021-02-17,1613520000
91,Extreme Greed,2021-02-18,1613606400
93,Extreme Greed,2021-02-19,1613692800
91,Extreme Greed,2021-02-20,1613779200
91,Extreme Greed,2021-02-21,1613865600
94,Extreme Greed,2021-02-22,1613952000
94,Extreme Greed,2021-02-23,1614038400
76,Extreme Greed,2021-02-24,1614124800
79,Extreme Greed,2021-02-25,1614211200
55,Greed,2021-02-26,1614297600
56,Greed,2021-02-27,1614384000
55,Greed,2021-02-28,1614470400
38,Fear,2021-03-01,1614556800
78,Extreme Greed,2021-03-02,1614643200
78,Extreme Greed,2021-03-03,1614729600
84,Extreme Greed,2021-03-04,1614816000
77,Extreme Greed,2021-03-05,1614902400
77,Extreme Greed,2021-03-06,1614988800
76,Extreme Greed,2021-03-07,1615075200
81,Extreme Greed,2021-03-08,1615161600
81,Extreme Greed,2021-03-09,1615248000
68,Greed,2021-03-10,1615334400
73,Greed,2021-03-11,1615420800
70,Greed,2021-03-12,1615507200
74,Greed,2021-03-13,1615593600
78,Extreme Greed,2021-03-14,1615680000
76,Extreme Greed,2021-03-15,1615766400
71,Greed,2021-03-16,1615852800
71,Greed,2021-03-17,1615939200
72,Greed,2021-03-18,1616025600
71,Greed,2021-03-19,1616112000
75,Greed,2021-03-20,1616198400
73,Greed,2021-03-21,1616284800
70,Greed,2021-03-22,1616371200
66,Greed,2021-03-23,1616457600
65,Greed,2021-03-24,1616544000
60,Greed,2021-03-25,1616630400
54,Neutral,2021-03-26,1616716800
65,Greed,2021-03-27,1616803200
74,Greed,2021-03-28,1616889600
72,Greed,2021-03-29,1616976000
72,Greed,2021-03-30,1617062400
76,Extreme Greed,2021-03-31,1617148800
74,Greed,2021-04-01,1617235200
74,Greed,2021-04-02,1617321600
73,Greed,2021-04-03,1617408000
74,Greed,2021-04-04,1617494400
71,Greed,2021-04-05,1617580800
75,Greed,2021-04-06,1617667200
72,Greed,2021-04-07,1617753600
73,Greed,2021-04-08,1617840000
70,Greed,2021-04-09,1617926400
70,Greed,2021-04-10,1618012800
76,Extreme Greed,2021-04-11,1618099200
74,Greed,2021-04-12,1618185600
74,Greed,2021-04-13,1618272000
75,Greed,2021-04-14,1618358400
79,Extreme Greed,2021-04-15,1618444800
78,Extreme Greed,2021-04-16,1618531200
76,Extreme Greed,2021-04-17,1618617600
79,Extreme Greed,2021-04-18,1618704000
74,Greed,2021-04-19,1618790400
73,Greed,2021-04-20,1618876800
73,Greed,2021-04-21,1618963200
65,Greed,2021-04-22,1619049600
55,Greed,2021-04-23,1619136000
37,Fear,2021-04-24,1619222400
31,Fear,2021-04-25,1619308800
27,Fear,2021-04-26,1619395200
50,Neutral,2021-04-27,1619481600
59,Greed,2021-04-28,1619568000
52,Neutral,2021-04-29,1619654400
51,Neutral,2021-04-30,1619740800
68,Greed,2021-05-01,1619827200
66,Greed,2021-05-02,1619913600
61,Greed,2021-05-03,1620000000
68,Greed,2021-05-04,1620086400
48,Neutral,2021-05-05,1620172800
65,Greed,2021-05-06,1620259200
64,Greed,2021-05-07,1620345600
67,Greed,2021-05-08,1620432000
73,Greed,2021-05-09,1620518400
72,Greed,2021-05-10,1620604800
61,Greed,2021-05-11,1620691200
68,Greed,2021-05-12,1620777600
31,Fear,2021-05-13,1620864000
26,Fear,2021-05-14,1620950400
27,Fear,2021-05-15,1621036800
20,Extreme Fear,2021-05-16,1621123200
27,Fear,2021-05-17,1621209600
21,Extreme Fear,2021-05-18,1621296000
23,Extreme Fear,2021-05-19,1621382400
11,Extreme Fear,2021-05-20,1621468800
19,Extreme Fear,2021-05-21,1621555200
12,Extreme Fear,2021-05-22,1621641600
14,Extreme Fear,2021-05-23,1621728000
10,Extreme Fear,2021-05-24,1621814400
22,Extreme Fear,2021-05-25,1621900800
22,Extreme Fear,2021-05-26,1621987200
27,Fear,2021-05-27,1622073600
21,Extreme Fear,2021-05-28,1622160000
18,Extreme Fear,2021-05-29,1622246400
10,Extreme Fear,2021-05-30,1622332800
18,Extreme Fear,2021-05-31,1622419200
20,Extreme Fear,2021-06-01,1622505600
23,Extreme Fear,2021-06-02,1622592000
24,Extreme Fear,2021-06-03,1622678400
27,Fear,2021-06-04,1622764800
24,Extreme Fear,2021-06-05,1622851200
17,Extreme Fear,2021-06-06,1622937600
15,Extreme Fear,2021-06-07,1623024000
13,Extreme Fear,2021-06-08,1623110400
14,Extreme Fear,2021-06-09,1623196800
21,Extreme Fear,2021-06-10,1623283200
21,Extreme Fear,2021-06-11,1623369600
28,Fear,2021-06-12,1623456000
23,Extreme Fear,2021-06-13,1623542400
28,Fear,2021-06-14,1623628800
38,Fear,2021-06-15,1623715200
33,Fear,2021-06-16,1623801600
26,Fear,2021-06-17,1623888000
25,Extreme Fear,2021-06-18,1623974400
23,Extreme Fear,2021-06-19,1624060800
21,Extreme Fear,2021-06-20,1624147200
23,Extreme Fear,2021-06-21,1624233600
10,Extreme Fear,2021-06-22,1624320000
14,Extreme Fear,2021-06-23,1624406400
22,Extreme Fear,2021-06-24,1624492800
27,Fear,2021-06-25,1624579200
20,Extreme Fear,2021-06-26,1624665600
22,Extreme Fear,2021-06-27,1624752000
25,Extreme Fear,2021-06-28,1624838400
25,Extreme Fear,2021-06-29,1624924800
28,Fear,2021-06-30,1625011200
28,Fear,2021-07-01,1625097600
21,Extreme Fear,2021-07-02,1625184000
24,Extreme Fear,2021-07-03,1625270400
27,Fear,2021-07-04,1625356800
29,Fear,2021-07-05,1625443200
20,Extreme Fear,2021-07-06,1625529600
28,Fear,2021-07-07,1625616000
20,Extreme Fear,2021-07-08,1625702400
20,Extreme Fear,2021-07-09,1625788800
20,Extreme Fear,2021-07-10,1625875200
20,Extreme Fear,2021-07-11,1625961600
25,Extreme Fear,2021-07-12,1626048000
20,Extreme Fear,2021-07-13,1626134400
21,Extreme Fear,2021-07-14,1626220800
20,Extreme Fear,2021-07-15,1626307200
22,Extreme Fear,2021-07-16,1626393600
15,Extreme Fear,2021-07-17,1626480000
19,Extreme Fear,2021-07-18,1626566400
24,Extreme Fear,2021-07-19,1626652800
19,Extreme Fear,2021-07-20,1626739200
10,Extreme Fear,2021-07-21,1626825600
21,Extreme Fear,2021-07-22,1626912000
23,Extreme Fear,2021-07-23,1626998400
22,Extreme Fear,2021-07-24,1627084800
27,Fear,2021-07-25,1627171200
26,Fear,2021-07-26,1627257600
32,Fear,2021-07-27,1627344000
50,Neutral,2021-07-28,1627430400
50,Neutral,2021-07-29,1627516800
53,Neutral,2021-07-30,1627603200
60,Greed,2021-07-31,1627689600
60,Greed,2021-08-01,1627776000
48,Neutral,2021-08-02,1627862400
48,Neutral,2021-08-03,1627948800
42,Fear,2021-08-04,1628035200
50,Neutral,2021-08-05,1628121600
52,Neutral,2021-08-06,1628208000
69,Greed,2021-08-07,1628294400
74,Greed,2021-08-08,1628380800
65,Greed,2021-08-09,1628467200
71,Greed,2021-08-10,1628553600
70,Greed,2021-08-11,1628640000
70,Greed,2021-08-12,1628726400
70,Greed,2021-08-13,1628812800
76,Extreme Greed,2021-08-14,1628899200
71,Greed,2021-08-15,1628985600
72,Greed,2021-08-16,1629072000
72,Greed,2021-08-17,1629158400
73,Greed,2021-08-18,1629244800
70,Greed,2021-08-19,1629331200
70,Greed,2021-08-20,1629417600
78,Extreme Greed,2021-08-21,1629504000
76,Extreme Greed,2021-08-22,1629590400
79,Extreme Greed,2021-08-23,1629676800
79,Extreme Greed,2021-08-24,1629763200
73,Greed,2021-08-25,1629849600
75,Greed,2021-08-26,1629936000
71,Greed,2021-08-27,1630022400
78,Extreme Greed,2021-08-28,1630108800
72,Greed,2021-08-29,1630195200
73,Greed,2021-08-30,1630281600
73,Greed,2021-08-31,1630368000
71,Greed,2021-09-01,1630454400
74,Greed,2021-09-02,1630540800
74,Greed,2021-09-03,1630627200
72,Greed,2021-09-04,1630713600
73,Greed,2021-09-05,1630800000
79,Extreme Greed,2021-09-06,1630886400
79,Extreme Greed,2021-09-07,1630972800
47,Neutral,2021-09-08,1631059200
45,Fear,2021-09-09,1631145600
46,Fear,2021-09-10,1631232000
31,Fear,2021-09-11,1631318400
32,Fear,2021-09-12,1631404800
44,Fear,2021-09-13,1631491200
30,Fear,2021-09-14,1631577600
49,Neutral,2021-09-15,1631664000
53,Neutral,2021-09-16,1631750400
48,Neutral,2021-09-17,1631836800
50,Neutral,2021-09-18,1631923200
53,Neutral,2021-09-19,1632009600
50,Neutral,2021-09-20,1632096000
27,Fear,2021-09-21,1632182400
21,Extreme Fear,2021-09-22,1632268800
27,Fear,2021-09-23,1632355200
33,Fear,2021-09-24,1632441600
28,Fear,2021-09-25,1632528000
27,Fear,2021-09-26,1632614400
26,Fear,2021-09-27,1632700800
25,Extreme Fear,2021-09-28,1632787200
24,Extreme Fear,2021-09-29,1632873600
20,Extreme Fear,2021-09-30,1632960000
27,Fear,2021-10-01,1633046400
54,Neutral,2021-10-02,1633132800
49,Neutral,2021-10-03,1633219200
54,Neutral,2021-10-04,1633305600
59,Greed,2021-10-05,1633392000
68,Greed,2021-10-06,1633478400
76,Extreme Greed,2021-10-07,1633564800
74,Greed,2021-10-08,1633651200
72,Greed,2021-10-09,1633737600
71,Greed,2021-10-10,1633824000
71,Greed,2021-10-11,1633910400
78,Extreme Greed,2021-10-12,1633996800
70,Greed,2021-10-13,1634083200
70,Greed,2021-10-14,1634169600
71,Greed,2021-10-15,1634256000
78,Extreme Greed,2021-10-16,1634342400
79,Extreme Greed,2021-10-17,1634428800
78,Extreme Greed,2021-10-18,1634515200
75,Greed,2021-10-19,1634601600
82,Extreme Greed,2021-10-20,1634688000
84,Extreme Greed,2021-10-21,1634774400
75,Greed,2021-10-22,1634860800
74,Greed,2021-10-23,1634947200
73,Greed,2021-10-24,1635033600
72,Greed,2021-10-25,1635120000
76,Extreme Greed,2021-10-26,1635206400
73,Greed,2021-10-27,1635292800
66,Greed,2021-10-28,1635379200
70,Greed,2021-10-29,1635465600
73,Greed,2021-10-30,1635552000
74,Greed,2021-10-31,1635638400
74,Greed,2021-11-01,1635724800
73,Greed,2021-11-02,1635811200
76,Extreme Greed,2021-11-03,1635897600
73,Greed,2021-11-04,1635984000
73,Greed,2021-11-05,1636070400
71,Greed,2021-11-06,1636156800
73,Greed,2021-11-07,1636243200
75,Greed,2021-11-08,1636329600
84,Extreme Greed,2021-11-09,1636416000
75,Greed,2021-11-10,1636502400
77,Extreme Greed,2021-11-11,1636588800
74,Greed,2021-11-12,1636675200
72,Greed,2021-11-13,1636761600
74,Greed,2021-11-14,1636848000
72,Greed,2021-11-15,1636934400
71,Greed,2021-11-16,1637020800
52,Neutral,2021-11-17,1637107200
54,Neutral,2021-11-18,1637193600
34,Fear,2021-11-19,1637280000
43,Fear,2021-11-20,1637366400
49,Neutral,2021-11-21,1637452800
50,Neutral,2021-11-22,1637539200
33,Fear,2021-11-23,1637625600
42,Fear,2021-11-24,1637712000
32,Fear,2021-11-25,1637798400
47,Neutral,2021-11-26,1637884800
21,Extreme Fear,2021-11-27,1637971200
27,Fear,2021-11-28,1638057600
33,Fear,2021-11-29,1638144000
40,Fear,2021-11-30,1638230400
34,Fear,2021-12-01,1638316800
32,Fear,2021-12-02,1638403200
31,Fear,2021-12-03,1638489600
25,Extreme Fear,2021-12-04,1638576000
18,Extreme Fear,2021-12-05,1638662400
16,Extreme Fear,2021-12-06,1638748800
25,Extreme Fear,2021-12-07,1638835200
28,Fear,2021-12-08,1638921600
29,Fear,2021-12-09,1639008000
24,Extreme Fear,2021-12-10,1639094400
16,Extreme Fear,2021-12-11,1639180800
27,Fear,2021-12-12,1639267200
28,Fear,2021-12-13,1639353600
21,Extreme Fear,2021-12-14,1639440000
28,Fear,2021-12-15,1639526400
29,Fear,2021-12-16,1639612800
23,Extreme Fear,2021-12-17,1639699200
24,Extreme Fear,2021-12-18,1639785600
29,Fear,2021-12-19,1639872000
25,Extreme Fear,2021-12-20,1639958400
27,Fear,2021-12-21,1640044800
45,Fear,2021-12-22,1640131200
34,Fear,2021-12-23,1640217600
41,Fear,2021-12-24,1640304000
39,Fear,2021-12-25,1640390400
37,Fear,2021-12-26,1640476800
40,Fear,2021-12-27,1640563200
41,Fear,2021-12-28,1640649600
27,Fear,2021-12-29,1640736000
22,Extreme Fear,2021-12-30,1640822400
28,Fear,2021-12-31,1640908800
21,Extreme Fear,2022-01-01,1640995200
29,Fear,2022-01-02,1641081600
29,Fear,2022-01-03,1641168000
23,Extreme Fear,2022-01-04,1641254400
24,Extreme Fear,2022-01-05,1641340800
15,Extreme Fear,2022-01-06,1641427200
18,Extreme Fear,2022-01-07,1641513600
10,Extreme Fear,2022-01-08,1641600000
23,Extreme Fear,2022-01-09,1641686400
23,Extreme Fear,2022-01-10,1641772800
21,Extreme Fear,2022-01-11,1641859200
22,Extreme Fear,2022-01-12,1641945600
21,Extreme Fear,2022-01-13,1642032000
21,Extreme Fear,2022-01-14,1642118400
23,Extreme Fear,2022-01-15,1642204800
21,Extreme Fear,2022-01-16,1642291200
22,Extreme Fear,2022-01-17,1642377600
24,Extreme Fear,2022-01-18,1642464000
24,Extreme Fear,2022-01-19,1642550400
24,Extreme Fear,2022-01-20,1642636800
19,Extreme Fear,2022-01-21,1642723200
13,Extreme Fear,2022-01-22,1642809600
11,Extreme Fear,2022-01-23,1642896000
13,Extreme Fear,2022-01-24,1642982400
12,Extreme Fear,2022-01-25,1643068800
23,Extreme Fear,2022-01-26,1643155200
20,Extreme Fear,2022-01-27,1643241600
24,Extreme Fear,2022-01-28,1643328000
24,Extreme Fear,2022-01-29,1643414400
29,Fear,2022-01-30,1643500800
20,Extreme Fear,2022-01-31,1643587200
26,Fear,2022-02-01,1643673600
28,Fear,2022-02-02,1643760000
20,Extreme Fear,2022-02-03,1643846400
20,Extreme Fear,2022-02-04,1643932800
33,Fear,2022-02-05,1644019200
37,Fear,2022-02-06,1644105600
45,Fear,2022-02-07,1644192000
48,Neutral,2022-02-08,1644278400
54,Neutral,2022-02-09,1644364800
50,Neutral,2022-02-10,1644451200
50,Neutral,2022-02-11,1644537600
44,Fear,2022-02-12,1644624000
44,Fear,2022-02-13,1644710400
46,Fear,2022-02-14,1644796800
46,Fear,2022-02-15,1644883200
51,Neutral,2022-02-16,1644969600
52,Neutral,2022-02-17,1645056000
30,Fear,2022-02-18,1645142400
25,Extreme Fear,2022-02-19,1645228800
27,Fear,2022-02-20,1645315200
25,Extreme Fear,2022-02-21,1645401600
20,Extreme Fear,2022-02-22,1645488000
25,Extreme Fear,2022-02-23,1645574400
23,Extreme Fear,2022-02-24,1645660800
27,Fear,2022-02-25,1645747200
26,Fear,2022-02-26,1645833600
26,Fear,2022-02-27,1645920000
20,Extreme Fear,2022-02-28,1646006400
51,Neutral,2022-03-01,1646092800
52,Neutral,2022-03-02,1646179200
39,Fear,2022-03-03,1646265600
33,Fear,2022-03-04,1646352000
22,Extreme Fear,2022-03-05,1646438400
22,Extreme Fear,2022-03-06,1646524800
23,Extreme Fear,2022-03-07,1646611200
21,Extreme Fear,2022-03-08,1646697600
22,Extreme Fear,2022-03-09,1646784000
28,Fear,2022-03-10,1646870400
22,Extreme Fear,2022-03-11,1646956800
22,Extreme Fear,2022-03-12,1647043200
21,Extreme Fear,2022-03-13,1647129600
23,Extreme Fear,2022-03-14,1647216000
21,Extreme Fear,2022-03-15,1647302400
24,Extreme Fear,2022-03-16,1647388800
27,Fear,2022-03-17,1647475200
25,Extreme Fear,2022-03-18,1647561600
28,Fear,2022-03-19,1647648000
31,Fear,2022-03-20,1647734400
30,Fear,2022-03-21,1647820800
26,Fear,2022-03-22,1647907200
31,Fear,2022-03-23,1647993600
40,Fear,2022-03-24,1648080000
47,Neutral,2022-03-25,1648166400
51,Neutral,2022-03-26,1648252800
49,Neutral,2022-03-27,1648339200
60,Greed,2022-03-28,1648425600
56,Greed,2022-03-29,1648512000
55,Greed,2022-03-30,1648598400
52,Neutral,2022-03-31,1648684800
50,Neutral,2022-04-01,1648771200
52,Neutral,2022-04-02,1648857600
48,Neutral,2022-04-03,1648944000
52,Neutral,2022-04-04,1649030400
53,Neutral,2022-04-05,1649116800
48,Neutral,2022-04-06,1649203200
34,Fear,2022-04-07,1649289600
37,Fear,2022-04-08,1649376000
30,Fear,2022-04-09,1649462400
34,Fear,2022-04-10,1649548800
32,Fear,2022-04-11,1649635200
20,Extreme Fear,2022-04-12,1649721600
25,Extreme Fear,2022-04-13,1649808000
28,Fear,2022-04-14,1649894400
22,Extreme Fear,2022-04-15,1649980800
28,Fear,2022-04-16,1650067200
28,Fear,2022-04-17,1650153600
24,Extreme Fear,2022-04-18,1650240000
27,Fear,2022-04-19,1650326400
27,Fear,2022-04-20,1650412800
27,Fear,2022-04-21,1650499200
26,Fear,2022-04-22,1650585600
24,Extreme Fear,2022-04-23,1650672000
24,Extreme Fear,2022-04-24,1650758400
23,Extreme Fear,2022-04-25,1650844800
27,Fear,2022-04-26,1650931200
21,Extreme Fear,2022-04-27,1651017600
24,Extreme Fear,2022-04-28,1651104000
23,Extreme Fear,2022-04-29,1651190400
20,Extreme Fear,2022-04-30,1651276800
22,Extreme Fear,2022-05-01,1651363200
28,Fear,2022-05-02,1651449600
27,Fear,2022-05-03,1651536000
21,Extreme Fear,2022-05-04,1651622400
27,Fear,2022-05-05,1651708800
22,Extreme Fear,2022-05-06,1651795200
23,Extreme Fear,2022-05-07,1651881600
18,Extreme Fear,2022-05-08,1651968000
11,Extreme Fear,2022-05-09,1652054400
10,Extreme Fear,2022-05-10,1652140800
12,Extreme Fear,2022-05-11,1652227200
12,Extreme Fear,2022-05-12,1652313600
10,Extreme Fear,2022-05-13,1652400000
9,Extreme Fear,2022-05-14,1652486400
10,Extreme Fear,2022-05-15,1652572800
14,Extreme Fear,2022-05-16,1652659200
8,Extreme Fear,2022-05-17,1652745600
12,Extreme Fear,2022-05-18,1652832000
13,Extreme Fear,2022-05-19,1652918400
13,Extreme Fear,2022-05-20,1653004800
13,Extreme Fear,2022-05-21,1653091200
14,Extreme Fear,2022-05-22,1653177600
10,Extreme Fear,2022-05-23,1653264000
12,Extreme Fear,2022-05-24,1653350400
11,Extreme Fear,2022-05-25,1653436800
12,Extreme Fear,2022-05-26,1653523200
12,Extreme Fear,2022-05-27,1653609600
13,Extreme Fear,2022-05-28,1653696000
14,Extreme Fear,2022-05-29,1653782400
10,Extreme Fear,2022-05-30,1653868800
16,Extreme Fear,2022-05-31,1653955200
17,Extreme Fear,2022-06-01,1654041600
13,Extreme Fear,2022-06-02,1654128000
10,Extreme Fear,2022-06-03,1654214400
14,Extreme Fear,2022-06-04,1654300800
10,Extreme Fear,2022-06-05,1654387200
13,Extreme Fear,2022-06-06,1654473600
15,Extreme Fear,2022-06-07,1654560000
17,Extreme Fear,2022-06-08,1654646400
11,Extreme Fear,2022-06-09,1654732800
13,Extreme Fear,2022-06-10,1654819200
12,Extreme Fear,2022-06-11,1654905600
14,Extreme Fear,2022-06-12,1654992000
11,Extreme Fear,2022-06-13,1655078400
8,Extreme Fear,2022-06-14,1655164800
7,Extreme Fear,2022-06-15,1655251200
7,Extreme Fear,2022-06-16,1655337600
9,Extreme Fear,2022-06-17,1655424000
6,Extreme Fear,2022-06-18,1655510400
6,Extreme Fear,2022-06-19,1655596800
9,Extreme Fear,2022-06-20,1655683200
9,Extreme Fear,2022-06-21,1655769600
11,Extreme Fear,2022-06-22,1655856000
11,Extreme Fear,2022-06-23,1655942400
11,Extreme Fear,2022-06-24,1656028800
14,Extreme Fear,2022-06-25,1656115200
14,Extreme Fear,2022-06-26,1656201600
12,Extreme Fear,2022-06-27,1656288000
10,Extreme Fear,2022-06-28,1656374400
13,Extreme Fear,2022-06-29,1656460800
11,Extreme Fear,2022-06-30,1656547200
11,Extreme Fear,2022-07-01,1656633600
14,Extreme Fear,2022-07-02,1656720000
11,Extreme Fear,2022-07-03,1656806400
14,Extreme Fear,2022-07-04,1656892800
19,Extreme Fear,2022-07-05,1656979200
18,Extreme Fear,2022-07-06,1657065600
18,Extreme Fear,2022-07-07,1657152000
20,Extreme Fear,2022-07-08,1657238400
24,Extreme Fear,2022-07-09,1657324800
24,Extreme Fear,2022-07-10,1657411200
22,Extreme Fear,2022-07-11,1657497600
16,Extreme Fear,2022-07-12,1657584000
15,Extreme Fear,2022-07-13,1657670400
18,Extreme Fear,2022-07-14,1657756800
15,Extreme Fear,2022-07-15,1657843200
21,Extreme Fear,2022-07-16,1657929600
24,Extreme Fear,2022-07-17,1658016000
20,Extreme Fear,2022-07-18,1658102400
30,Fear,2022-07-19,1658188800
31,Fear,2022-07-20,1658275200
34,Fear,2022-07-21,1658361600
33,Fear,2022-07-22,1658448000
31,Fear,2022-07-23,1658534400
30,Fear,2022-07-24,1658620800
30,Fear,2022-07-25,1658707200
26,Fear,2022-07-26,1658793600
28,Fear,2022-07-27,1658880000
32,Fear,2022-07-28,1658966400
39,Fear,2022-07-29,1659052800
42,Fear,2022-07-30,1659139200
39,Fear,2022-07-31,1659225600
33,Fear,2022-08-01,1659312000
31,Fear,2022-08-02,1659398400
34,Fear,2022-08-03,1659484800
30,Fear,2022-08-04,1659571200
31,Fear,2022-08-05,1659657600
31,Fear,2022-08-06,1659744000
30,Fear,2022-08-07,1659830400
30,Fear,2022-08-08,1659916800
42,Fear,2022-08-09,1660003200
31,Fear,2022-08-10,1660089600
41,Fear,2022-08-11,1660176000
42,Fear,2022-08-12,1660262400
46,Fear,2022-08-13,1660348800
47,Neutral,2022-08-14,1660435200
45,Fear,2022-08-15,1660521600
44,Fear,2022-08-16,1660608000
41,Fear,2022-08-17,1660694400
30,Fear,2022-08-18,1660780800
33,Fear,2022-08-19,1660867200
29,Fear,2022-08-20,1660953600
27,Fear,2022-08-21,1661040000
29,Fear,2022-08-22,1661126400
28,Fear,2022-08-23,1661212800
25,Extreme Fear,2022-08-24,1661299200
25,Extreme Fear,2022-08-25,1661385600
27,Fear,2022-08-26,1661472000
28,Fear,2022-08-27,1661558400
28,Fear,2022-08-28,1661644800
24,Extreme Fear,2022-08-29,1661731200
27,Fear,2022-08-30,1661817600
23,Extreme Fear,2022-08-31,1661904000
20,Extreme Fear,2022-09-01,1661990400
25,Extreme Fear,2022-09-02,1662076800
21,Extreme Fear,2022-09-03,1662163200
20,Extreme Fear,2022-09-04,1662249600
23,Extreme Fear,2022-09-05,1662336000
22,Extreme Fear,2022-09-06,1662422400
24,Extreme Fear,2022-09-07,1662508800
20,Extreme Fear,2022-09-08,1662595200
22,Extreme Fear,2022-09-09,1662681600
28,Fear,2022-09-10,1662768000
26,Fear,2022-09-11,1662854400
25,Extreme Fear,2022-09-12,1662940800
34,Fear,2022-09-13,1663027200
27,Fear,2022-09-14,1663113600
28,Fear,2022-09-15,1663200000
20,Extreme Fear,2022-09-16,1663286400
22,Extreme Fear,2022-09-17,1663372800
27,Fear,2022-09-18,1663459200
21,Extreme Fear,2022-09-19,1663545600
23,Extreme Fear,2022-09-20,1663632000
23,Extreme Fear,2022-09-21,1663718400
22,Extreme Fear,2022-09-22,1663804800
20,Extreme Fear,2022-09-23,1663891200
24,Extreme Fear,2022-09-24,1663977600
24,Extreme Fear,2022-09-25,1664064000
21,Extreme Fear,2022-09-26,1664150400
20,Extreme Fear,2022-09-27,1664236800
20,Extreme Fear,2022-09-28,1664323200
22,Extreme Fear,2022-09-29,1664409600
21,Extreme Fear,2022-09-30,1664496000
20,Extreme Fear,2022-10-01,1664582400
24,Extreme Fear,2022-10-02,1664668800
24,Extreme Fear,2022-10-03,1664755200
20,Extreme Fear,2022-10-04,1664841600
25,Extreme Fear,2022-10-05,1664928000
26,Fear,2022-10-06,1665014400
23,Extreme Fear,2022-10-07,1665100800
24,Extreme Fear,2022-10-08,1665187200
22,Extreme Fear,2022-10-09,1665273600
22,Extreme Fear,2022-10-10,1665360000
24,Extreme Fear,2022-10-11,1665446400
20,Extreme Fear,2022-10-12,1665532800
20,Extreme Fear,2022-10-13,1665619200
24,Extreme Fear,2022-10-14,1665705600
24,Extreme Fear,2022-10-15,1665792000
24,Extreme Fear,2022-10-16,1665878400
20,Extreme Fear,2022-10-17,1665964800
22,Extreme Fear,2022-10-18,1666051200
23,Extreme Fear,2022-10-19,1666137600
23,Extreme Fear,2022-10-20,1666224000
23,Extreme Fear,2022-10-21,1666310400
20,Extreme Fear,2022-10-22,1666396800
23,Extreme Fear,2022-10-23,1666483200
22,Extreme Fear,2022-10-24,1666569600
20,Extreme Fear,2022-10-25,1666656000
33,Fear,2022-10-26,1666742400
32,Fear,2022-10-27,1666828800
30,Fear,2022-10-28,1666915200
34,Fear,2022-10-29,1667001600
34,Fear,2022-10-30,1667088000
31,Fear,2022-10-31,1667174400
30,Fear,2022-11-01,1667260800
30,Fear,2022-11-02,1667347200
30,Fear,2022-11-03,1667433600
30,Fear,2022-11-04,1667520000
38,Fear,2022-11-05,1667606400
40,Fear,2022-11-06,1667692800
33,Fear,2022-11-07,1667779200
31,Fear,2022-11-08,1667865600
29,Fear,2022-11-09,1667952000
22,Extreme Fear,2022-11-10,1668038400
25,Extreme Fear,2022-11-11,1668124800
21,Extreme Fear,2022-11-12,1668211200
22,Extreme Fear,2022-11-13,1668297600
24,Extreme Fear,2022-11-14,1668384000
22,Extreme Fear,2022-11-15,1668470400
23,Extreme Fear,2022-11-16,1668556800
20,Extreme Fear,2022-11-17,1668643200
23,Extreme Fear,2022-11-18,1668729600
23,Extreme Fear,2022-11-19,1668816000
24,Extreme Fear,2022-11-20,1668902400
21,Extreme Fear,2022-11-21,1668988800
22,Extreme Fear,2022-11-22,1669075200
22,Extreme Fear,2022-11-23,1669161600
20,Extreme Fear,2022-11-24,1669248000
20,Extreme Fear,2022-11-25,1669334400
22,Extreme Fear,2022-11-26,1669420800
26,Fear,2022-11-27,1669507200
28,Fear,2022-11-28,1669593600
26,Fear,2022-11-29,1669680000
29,Fear,2022-11-30,1669766400
27,Fear,2022-12-01,1669852800
27,Fear,2022-12-02,1669939200
27,Fear,2022-12-03,1670025600
26,Fear,2022-12-04,1670112000
26,Fear,2022-12-05,1670198400
25,Extreme Fear,2022-12-06,1670284800
29,Fear,2022-12-07,1670371200
25,Extreme Fear,2022-12-08,1670457600
26,Fear,2022-12-09,1670544000
27,Fear,2022-12-10,1670630400
26,Fear,2022-12-11,1670716800
27,Fear,2022-12-12,1670803200
27,Fear,2022-12-13,1670889600
30,Fear,2022-12-14,1670976000
31,Fear,2022-12-15,1671062400
29,Fear,2022-12-16,1671148800
28,Fear,2022-12-17,1671235200
26,Fear,2022-12-18,1671321600
29,Fear,2022-12-19,1671408000
29,Fear,2022-12-20,1671494400
26,Fear,2022-12-21,1671580800
28,Fear,2022-12-22,1671667200
27,Fear,2022-12-23,1671753600
29,Fear,2022-12-24,1671840000
29,Fear,2022-12-25,1671926400
28,Fear,2022-12-26,1672012800
27,Fear,2022-12-27,1672099200
28,Fear,2022-12-28,1672185600
28,Fear,2022-12-29,1672272000
28,Fear,2022-12-30,1672358400
25,Extreme Fear,2022-12-31,1672444800
26,Fear,2023-01-01,1672531200
27,Fear,2023-01-02,1672617600
26,Fear,2023-01-03,1672704000
29,Fear,2023-01-04,1672790400
29,Fear,2023-01-05,1672876800
26,Fear,2023-01-06,1672963200
25,Extreme Fear,2023-01-07,1673049600
25,Extreme Fear,2023-01-08,1673136000
25,Extreme Fear,2023-01-09,1673222400
26,Fear,2023-01-10,1673308800
26,Fear,2023-01-11,1673395200
30,Fear,2023-01-12,1673481600
31,Fear,2023-01-13,1673568000
46,Fear,2023-01-14,1673654400
52,Neutral,2023-01-15,1673740800
45,Fear,2023-01-16,1673827200
51,Neutral,2023-01-17,1673913600
52,Neutral,2023-01-18,1674000000
45,Fear,2023-01-19,1674086400
51,Neutral,2023-01-20,1674172800
53,Neutral,2023-01-21,1674259200
53,Neutral,2023-01-22,1674345600
50,Neutral,2023-01-23,1674432000
52,Neutral,2023-01-24,1674518400
51,Neutral,2023-01-25,1674604800
54,Neutral,2023-01-26,1674691200
55,Greed,2023-01-27,1674777600
52,Neutral,2023-01-28,1674864000
55,Greed,2023-01-29,1674950400
61,Greed,2023-01-30,1675036800
51,Neutral,2023-01-31,1675123200
56,Greed,2023-02-01,1675209600
60,Greed,2023-02-02,1675296000
60,Greed,2023-02-03,1675382400
58,Greed,2023-02-04,1675468800
58,Greed,2023-02-05,1675555200
56,Greed,2023-02-06,1675641600
54,Neutral,2023-02-07,1675728000
58,Greed,2023-02-08,1675814400
55,Greed,2023-02-09,1675900800
48,Neutral,2023-02-10,1675987200
49,Neutral,2023-02-11,1676073600
50,Neutral,2023-02-12,1676160000
48,Neutral,2023-02-13,1676246400
50,Neutral,2023-02-14,1676332800
53,Neutral,2023-02-15,1676419200
62,Greed,2023-02-16,1676505600
61,Greed,2023-02-17,1676592000
60,Greed,2023-02-18,1676678400
60,Greed,2023-02-19,1676764800
58,Greed,2023-02-20,1676851200
60,Greed,2023-02-21,1676937600
59,Greed,2023-02-22,1677024000
56,Greed,2023-02-23,1677110400
53,Neutral,2023-02-24,1677196800
52,Neutral,2023-02-25,1677283200
51,Neutral,2023-02-26,1677369600
50,Neutral,2023-02-27,1677456000
53,Neutral,2023-02-28,1677542400
50,Neutral,2023-03-01,1677628800
51,Neutral,2023-03-02,1677715200
50,Neutral,2023-03-03,1677801600
50,Neutral,2023-03-04,1677888000
47,Neutral,2023-03-05,1677974400
48,Neutral,2023-03-06,1678060800
49,Neutral,2023-03-07,1678147200
50,Neutral,2023-03-08,1678233600
44,Fear,2023-03-09,1678320000
34,Fear,2023-03-10,1678406400
33,Fear,2023-03-11,1678492800
33,Fear,2023-03-12,1678579200
49,Neutral,2023-03-13,1678665600
56,Greed,2023-03-14,1678752000
50,Neutral,2023-03-15,1678838400
52,Neutral,2023-03-16,1678924800
51,Neutral,2023-03-17,1679011200
64,Greed,2023-03-18,1679097600
63,Greed,2023-03-19,1679184000
66,Greed,2023-03-20,1679270400
68,Greed,2023-03-21,1679356800
62,Greed,2023-03-22,1679443200
57,Greed,2023-03-23,1679529600
61,Greed,2023-03-24,1679616000
64,Greed,2023-03-25,1679702400
64,Greed,2023-03-26,1679788800
64,Greed,2023-03-27,1679875200
59,Greed,2023-03-28,1679961600
57,Greed,2023-03-29,1680048000
60,Greed,2023-03-30,1680134400
63,Greed,2023-03-31,1680220800
61,Greed,2023-04-01,1680307200
63,Greed,2023-04-02,1680393600
63,Greed,2023-04-03,1680480000
62,Greed,2023-04-04,1680566400
62,Greed,2023-04-05,1680652800
63,Greed,2023-04-06,1680739200
64,Greed,2023-04-07,1680825600
61,Greed,2023-04-08,1680912000
61,Greed,2023-04-09,1680998400
62,Greed,2023-04-10,1681084800
68,Greed,2023-04-11,1681171200
65,Greed,2023-04-12,1681257600
61,Greed,2023-04-13,1681344000
68,Greed,2023-04-14,1681430400
68,Greed,2023-04-15,1681516800
68,Greed,2023-04-16,1681603200
69,Greed,2023-04-17,1681689600
58,Greed,2023-04-18,1681776000
63,Greed,2023-04-19,1681862400
52,Neutral,2023-04-20,1681948800
50,Neutral,2023-04-21,1682035200
53,Neutral,2023-04-22,1682121600
56,Greed,2023-04-23,1682208000
53,Neutral,2023-04-24,1682294400
53,Neutral,2023-04-25,1682380800
56,Greed,2023-04-26,1682467200
59,Greed,2023-04-27,1682553600
64,Greed,2023-04-28,1682640000
64,Greed,2023-04-29,1682726400
60,Greed,2023-04-30,1682812800
63,Greed,2023-05-01,1682899200
55,Greed,2023-05-02,1682985600
64,Greed,2023-05-03,1683072000
64,Greed,2023-05-04,1683158400
61,Greed,2023-05-05,1683244800
60,Greed,2023-05-06,1683331200
64,Greed,2023-05-07,1683417600
60,Greed,2023-05-08,1683504000
51,Neutral,2023-05-09,1683590400
52,Neutral,2023-05-10,1683676800
52,Neutral,2023-05-11,1683763200
49,Neutral,2023-05-12,1683849600
48,Neutral,2023-05-13,1683936000
48,Neutral,2023-05-14,1684022400
50,Neutral,2023-05-15,1684108800
54,Neutral,2023-05-16,1684195200
50,Neutral,2023-05-17,1684281600
51,Neutral,2023-05-18,1684368000
48,Neutral,2023-05-19,1684454400
48,Neutral,2023-05-20,1684540800
52,Neutral,2023-05-21,1684627200
49,Neutral,2023-05-22,1684713600
50,Neutral,2023-05-23,1684800000
50,Neutral,2023-05-24,1684886400
51,Neutral,2023-05-25,1684972800
49,Neutral,2023-05-26,1685059200
48,Neutral,2023-05-27,1685145600
50,Neutral,2023-05-28,1685232000
52,Neutral,2023-05-29,1685318400
51,Neutral,2023-05-30,1685404800
51,Neutral,2023-05-31,1685491200
52,Neutral,2023-06-01,1685577600
50,Neutral,2023-06-02,1685664000
53,Neutral,2023-06-03,1685750400
52,Neutral,2023-06-04,1685836800
53,Neutral,2023-06-05,1685923200
44,Fear,2023-06-06,1686009600
53,Neutral,2023-06-07,1686096000
50,Neutral,2023-06-08,1686182400
50,Neutral,2023-06-09,1686268800
49,Neutral,2023-06-10,1686355200
47,Neutral,2023-06-11,1686441600
47,Neutral,2023-06-12,1686528000
45,Fear,2023-06-13,1686614400
46,Fear,2023-06-14,1686700800
41,Fear,2023-06-15,1686787200
47,Neutral,2023-06-16,1686873600
47,Neutral,2023-06-17,1686960000
49,Neutral,2023-06-18,1687046400
47,Neutral,2023-06-19,1687132800
49,Neutral,2023-06-20,1687219200
59,Greed,2023-06-21,1687305600
65,Greed,2023-06-22,1687392000
65,Greed,2023-06-23,1687478400
62,Greed,2023-06-24,1687564800
64,Greed,2023-06-25,1687651200
55,Greed,2023-06-26,1687737600
59,Greed,2023-06-27,1687824000
62,Greed,2023-06-28,1687910400
54,Neutral,2023-06-29,1687996800
56,Greed,2023-06-30,1688083200
59,Greed,2023-07-01,1688169600
63,Greed,2023-07-02,1688256000
62,Greed,2023-07-03,1688342400
64,Greed,2023-07-04,1688428800
61,Greed,2023-07-05,1688515200
56,Greed,2023-07-06,1688601600
55,Greed,2023-07-07,1688688000
58,Greed,2023-07-08,1688774400
55,Greed,2023-07-09,1688860800
56,Greed,2023-07-10,1688947200
57,Greed,2023-07-11,1689033600
64,Greed,2023-07-12,1689120000
57,Greed,2023-07-13,1689206400
60,Greed,2023-07-14,1689292800
56,Greed,2023-07-15,1689379200
57,Greed,2023-07-16,1689465600
54,Neutral,2023-07-17,1689552000
56,Greed,2023-07-18,1689638400
50,Neutral,2023-07-19,1689724800
56,Greed,2023-07-20,1689811200
50,Neutral,2023-07-21,1689897600
52,Neutral,2023-07-22,1689984000
54,Neutral,2023-07-23,1690070400
55,Greed,2023-07-24,1690156800
50,Neutral,2023-07-25,1690243200
51,Neutral,2023-07-26,1690329600
51,Neutral,2023-07-27,1690416000
52,Neutral,2023-07-28,1690502400
52,Neutral,2023-07-29,1690588800
52,Neutral,2023-07-30,1690675200
50,Neutral,2023-07-31,1690761600
53,Neutral,2023-08-01,1690848000
53,Neutral,2023-08-02,1690934400
52,Neutral,2023-08-03,1691020800
54,Neutral,2023-08-04,1691107200
50,Neutral,2023-08-05,1691193600
49,Neutral,2023-08-06,1691280000
49,Neutral,2023-08-07,1691366400
54,Neutral,2023-08-08,1691452800
50,Neutral,2023-08-09,1691539200
53,Neutral,2023-08-10,1691625600
51,Neutral,2023-08-11,1691712000
54,Neutral,2023-08-12,1691798400
54,Neutral,2023-08-13,1691884800
50,Neutral,2023-08-14,1691971200
53,Neutral,2023-08-15,1692057600
52,Neutral,2023-08-16,1692144000
50,Neutral,2023-08-17,1692230400
37,Fear,2023-08-18,1692316800
39,Fear,2023-08-19,1692403200
37,Fear,2023-08-20,1692489600
38,Fear,2023-08-21,1692576000
37,Fear,2023-08-22,1692662400
37,Fear,2023-08-23,1692748800
41,Fear,2023-08-24,1692835200
39,Fear,2023-08-25,1692921600
38,Fear,2023-08-26,1693008000
38,Fear,2023-08-27,1693094400
39,Fear,2023-08-28,1693180800
39,Fear,2023-08-29,1693267200
49,Neutral,2023-08-30,1693353600
52,Neutral,2023-08-31,1693440000
40,Fear,2023-09-01,1693526400
39,Fear,2023-09-02,1693612800
40,Fear,2023-09-03,1693699200
40,Fear,2023-09-04,1693785600
40,Fear,2023-09-05,1693872000
42,Fear,2023-09-06,1693958400
41,Fear,2023-09-07,1694044800
46,Fear,2023-09-08,1694131200
41,Fear,2023-09-09,1694217600
40,Fear,2023-09-10,1694304000
40,Fear,2023-09-11,1694390400
30,Fear,2023-09-12,1694476800
41,Fear,2023-09-13,1694563200
45,Fear,2023-09-14,1694649600
45,Fear,2023-09-15,1694736000
43,Fear,2023-09-16,1694822400
46,Fear,2023-09-17,1694908800
46,Fear,2023-09-18,1694995200
46,Fear,2023-09-19,1695081600
47,Neutral,2023-09-20,1695168000
47,Neutral,2023-09-21,1695254400
43,Fear,2023-09-22,1695340800
47,Neutral,2023-09-23,1695427200
44,Fear,2023-09-24,1695513600
47,Neutral,2023-09-25,1695600000
46,Fear,2023-09-26,1695686400
44,Fear,2023-09-27,1695772800
46,Fear,2023-09-28,1695859200
48,Neutral,2023-09-29,1695945600
47,Neutral,2023-09-30,1696032000
48,Neutral,2023-10-01,1696118400
50,Neutral,2023-10-02,1696204800
50,Neutral,2023-10-03,1696291200
49,Neutral,2023-10-04,1696377600
48,Neutral,2023-10-05,1696464000
50,Neutral,2023-10-06,1696550400
49,Neutral,2023-10-07,1696636800
50,Neutral,2023-10-08,1696723200
50,Neutral,2023-10-09,1696809600
50,Neutral,2023-10-10,1696896000
47,Neutral,2023-10-11,1696982400
45,Fear,2023-10-12,1697068800
44,Fear,2023-10-13,1697155200
47,Neutral,2023-10-14,1697241600
45,Fear,2023-10-15,1697328000
47,Neutral,2023-10-16,1697414400
52,Neutral,2023-10-17,1697500800
50,Neutral,2023-10-18,1697587200
52,Neutral,2023-10-19,1697673600
53,Neutral,2023-10-20,1697760000
63,Greed,2023-10-21,1697846400
53,Neutral,2023-10-22,1697932800
53,Neutral,2023-10-23,1698019200
66,Greed,2023-10-24,1698105600
72,Greed,2023-10-25,1698192000
71,Greed,2023-10-26,1698278400
70,Greed,2023-10-27,1698364800
65,Greed,2023-10-28,1698451200
72,Greed,2023-10-29,1698537600
68,Greed,2023-10-30,1698624000
66,Greed,2023-10-31,1698710400
66,Greed,2023-11-01,1698796800
72,Greed,2023-11-02,1698883200
65,Greed,2023-11-03,1698969600
68,Greed,2023-11-04,1699056000
70,Greed,2023-11-05,1699142400
74,Greed,2023-11-06,1699228800
68,Greed,2023-11-07,1699315200
66,Greed,2023-11-08,1699401600
69,Greed,2023-11-09,1699488000
70,Greed,2023-11-10,1699574400
70,Greed,2023-11-11,1699660800
73,Greed,2023-11-12,1699747200
72,Greed,2023-11-13,1699833600
69,Greed,2023-11-14,1699920000
60,Greed,2023-11-15,1700006400
70,Greed,2023-11-16,1700092800
63,Greed,2023-11-17,1700179200
69,Greed,2023-11-18,1700265600
66,Greed,2023-11-19,1700352000
69,Greed,2023-11-20,1700438400
71,Greed,2023-11-21,1700524800
62,Greed,2023-11-22,1700611200
66,Greed,2023-11-23,1700697600
66,Greed,2023-11-24,1700784000
73,Greed,2023-11-25,1700870400
73,Greed,2023-11-26,1700956800
66,Greed,2023-11-27,1701043200
68,Greed,2023-11-28,1701129600
72,Greed,2023-11-29,1701216000
74,Greed,2023-11-30,1701302400
71,Greed,2023-12-01,1701388800
74,Greed,2023-12-02,1701475200
73,Greed,2023-12-03,1701561600
74,Greed,2023-12-04,1701648000
75,Greed,2023-12-05,1701734400
72,Greed,2023-12-06,1701820800
72,Greed,2023-12-07,1701907200
72,Greed,2023-12-08,1701993600
73,Greed,2023-12-09,1702080000
74,Greed,2023-12-10,1702166400
74,Greed,2023-12-11,1702252800
67,Greed,2023-12-12,1702339200
65,Greed,2023-12-13,1702425600
72,Greed,2023-12-14,1702512000
70,Greed,2023-12-15,1702598400
67,Greed,2023-12-16,1702684800
73,Greed,2023-12-17,1702771200
65,Greed,2023-12-18,1702857600
73,Greed,2023-12-19,1702944000
74,Greed,2023-12-20,1703030400
70,Greed,2023-12-21,1703116800
74,Greed,2023-12-22,1703203200
70,Greed,2023-12-23,1703289600
71,Greed,2023-12-24,1703376000
73,Greed,2023-12-25,1703462400
71,Greed,2023-12-26,1703548800
73,Greed,2023-12-27,1703635200
73,Greed,2023-12-28,1703721600
65,Greed,2023-12-29,1703808000
68,Greed,2023-12-30,1703894400
67,Greed,2023-12-31,1703980800
65,Greed,2024-01-01,1704067200
71,Greed,2024-01-02,1704153600
70,Greed,2024-01-03,1704240000
68,Greed,2024-01-04,1704326400
72,Greed,2024-01-05,1704412800
70,Greed,2024-01-06,1704499200
71,Greed,2024-01-07,1704585600
71,Greed,2024-01-08,1704672000
76,Extreme Greed,2024-01-09,1704758400
73,Greed,2024-01-10,1704844800
76,Extreme Greed,2024-01-11,1704931200
71,Greed,2024-01-12,1705017600
64,Greed,2024-01-13,1705104000
60,Greed,2024-01-14,1705190400
52,Neutral,2024-01-15,1705276800
64,Greed,2024-01-16,1705363200
60,Greed,2024-01-17,1705449600
63,Greed,2024-01-18,1705536000
51,Neutral,2024-01-19,1705622400
52,Neutral,2024-01-20,1705708800
56,Greed,2024-01-21,1705795200
55,Greed,2024-01-22,1705881600
50,Neutral,2024-01-23,1705968000
48,Neutral,2024-01-24,1706054400
52,Neutral,2024-01-25,1706140800
49,Neutral,2024-01-26,1706227200
55,Greed,2024-01-27,1706313600
54,Neutral,2024-01-28,1706400000
55,Greed,2024-01-29,1706486400
61,Greed,2024-01-30,1706572800
60,Greed,2024-01-31,1706659200
63,Greed,2024-02-01,1706745600
63,Greed,2024-02-02,1706832000
60,Greed,2024-02-03,1706918400
60,Greed,2024-02-04,1707004800
60,Greed,2024-02-05,1707091200
64,Greed,2024-02-06,1707177600
62,Greed,2024-02-07,1707264000
66,Greed,2024-02-08,1707350400
72,Greed,2024-02-09,1707436800
74,Greed,2024-02-10,1707523200
71,Greed,2024-02-11,1707609600
70,Greed,2024-02-12,1707696000
79,Extreme Greed,2024-02-13,1707782400
74,Greed,2024-02-14,1707868800
72,Greed,2024-02-15,1707955200
72,Greed,2024-02-16,1708041600
76,Extreme Greed,2024-02-17,1708128000
72,Greed,2024-02-18,1708214400
75,Greed,2024-02-19,1708300800
72,Greed,2024-02-20,1708387200
78,Extreme Greed,2024-02-21,1708473600
74,Greed,2024-02-22,1708560000
76,Extreme Greed,2024-02-23,1708646400
72,Greed,2024-02-24,1708732800
74,Greed,2024-02-25,1708819200
72,Greed,2024-02-26,1708905600
79,Extreme Greed,2024-02-27,1708992000
82,Extreme Greed,2024-02-28,1709078400
80,Extreme Greed,2024-02-29,1709164800
80,Extreme Greed,2024-03-01,1709251200
80,Extreme Greed,2024-03-02,1709337600
83,Extreme Greed,2024-03-03,1709424000
82,Extreme Greed,2024-03-04,1709510400
90,Extreme Greed,2024-03-05,1709596800
75,Greed,2024-03-06,1709683200
82,Extreme Greed,2024-03-07,1709769600
81,Extreme Greed,2024-03-08,1709856000
84,Extreme Greed,2024-03-09,1709942400
79,Extreme Greed,2024-03-10,1710028800
82,Extreme Greed,2024-03-11,1710115200
81,Extreme Greed,2024-03-12,1710201600
81,Extreme Greed,2024-03-13,1710288000
88,Extreme Greed,2024-03-14,1710374400
83,Extreme Greed,2024-03-15,1710460800
81,Extreme Greed,2024-03-16,1710547200
79,Extreme Greed,2024-03-17,1710633600
77,Extreme Greed,2024-03-18,1710720000
79,Extreme Greed,2024-03-19,1710806400
74,Greed,2024-03-20,1710892800
78,Extreme Greed,2024-03-21,1710979200
75,Greed,2024-03-22,1711065600
73,Greed,2024-03-23,1711152000
74,Greed,2024-03-24,1711238400
75,Greed,2024-03-25,1711324800
81,Extreme Greed,2024-03-26,1711411200
83,Extreme Greed,2024-03-27,1711497600
80,Extreme Greed,2024-03-28,1711584000
79,Extreme Greed,2024-03-29,1711670400
75,Greed,2024-03-30,1711756800
75,Greed,2024-03-31,1711843200
79,Extreme Greed,2024-04-01,1711929600
79,Extreme Greed,2024-04-02,1712016000
71,Greed,2024-04-03,1712102400
70,Greed,2024-04-04,1712188800
79,Extreme Greed,2024-04-05,1712275200
75,Greed,2024-04-06,1712361600
78,Extreme Greed,2024-04-07,1712448000
76,Extreme Greed,2024-04-08,1712534400
80,Extreme Greed,2024-04-09,1712620800
78,Extreme Greed,2024-04-10,1712707200
76,Extreme Greed,2024-04-11,1712793600
79,Extreme Greed,2024-04-12,1712880000
72,Greed,2024-04-13,1712966400
72,Greed,2024-04-14,1713052800
74,Greed,2024-04-15,1713139200
65,Greed,2024-04-16,1713225600
67,Greed,2024-04-17,1713312000
57,Greed,2024-04-18,1713398400
66,Greed,2024-04-19,1713484800
66,Greed,2024-04-20,1713571200
72,Greed,2024-04-21,1713657600
73,Greed,2024-04-22,1713744000
71,Greed,2024-04-23,1713830400
72,Greed,2024-04-24,1713916800
72,Greed,2024-04-25,1714003200
70,Greed,2024-04-26,1714089600
67,Greed,2024-04-27,1714176000
65,Greed,2024-04-28,1714262400
67,Greed,2024-04-29,1714348800
67,Greed,2024-04-30,1714435200
54,Neutral,2024-05-01,1714521600
43,Fear,2024-05-02,1714608000
48,Neutral,2024-05-03,1714694400
67,Greed,2024-05-04,1714780800
69,Greed,2024-05-05,1714867200
71,Greed,2024-05-06,1714953600
68,Greed,2024-05-07,1715040000
64,Greed,2024-05-08,1715126400
55,Greed,2024-05-09,1715212800
66,Greed,2024-05-10,1715299200
53,Neutral,2024-05-11,1715385600
56,Greed,2024-05-12,1715472000
57,Greed,2024-05-13,1715558400
66,Greed,2024-05-14,1715644800
64,Greed,2024-05-15,1715731200
70,Greed,2024-05-16,1715817600
74,Greed,2024-05-17,1715904000
73,Greed,2024-05-18,1715990400
72,Greed,2024-05-19,1716076800
70,Greed,2024-05-20,1716163200
76,Extreme Greed,2024-05-21,1716249600
76,Extreme Greed,2024-05-22,1716336000
76,Extreme Greed,2024-05-23,1716422400
74,Greed,2024-05-24,1716508800
76,Extreme Greed,2024-05-25,1716595200
75,Greed,2024-05-26,1716681600
74,Greed,2024-05-27,1716768000
72,Greed,2024-05-28,1716854400
72,Greed,2024-05-29,1716940800
73,Greed,2024-05-30,1717027200
73,Greed,2024-05-31,1717113600
72,Greed,2024-06-01,1717200000
73,Greed,2024-06-02,1717286400
73,Greed,2024-06-03,1717372800
73,Greed,2024-06-04,1717459200
75,Greed,2024-06-05,1717545600
78,Extreme Greed,2024-06-06,1717632000
77,Extreme Greed,2024-06-07,1717718400
72,Greed,2024-06-08,1717804800
75,Greed,2024-06-09,1717891200
72,Greed,2024-06-10,1717977600
74,Greed,2024-06-11,1718064000
72,Greed,2024-06-12,1718150400
70,Greed,2024-06-13,1718236800
74,Greed,2024-06-14,1718323200
74,Greed,2024-06-15,1718409600
71,Greed,2024-06-16,1718496000
71,Greed,2024-06-17,1718582400
74,Greed,2024-06-18,1718668800
64,Greed,2024-06-19,1718755200
60,Greed,2024-06-20,1718841600
63,Greed,2024-06-21,1718928000
53,Neutral,2024-06-22,1719014400
55,Greed,2024-06-23,1719100800
51,Neutral,2024-06-24,1719187200
30,Fear,2024-06-25,1719273600
46,Fear,2024-06-26,1719360000
40,Fear,2024-06-27,1719446400
47,Neutral,2024-06-28,1719532800
30,Fear,2024-06-29,1719619200
47,Neutral,2024-06-30,1719705600
53,Neutral,2024-07-01,1719792000
51,Neutral,2024-07-02,1719878400
50,Neutral,2024-07-03,1719964800
44,Fear,2024-07-04,1720051200
29,Fear,2024-07-05,1720137600
26,Fear,2024-07-06,1720224000
29,Fear,2024-07-07,1720310400
28,Fear,2024-07-08,1720396800
27,Fear,2024-07-09,1720483200
28,Fear,2024-07-10,1720569600
29,Fear,2024-07-11,1720656000
25,Extreme Fear,2024-07-12,1720742400
25,Extreme Fear,2024-07-13,1720828800
33,Fear,2024-07-14,1720915200
52,Neutral,2024-07-15,1721001600
65,Greed,2024-07-16,1721088000
69,Greed,2024-07-17,1721174400
61,Greed,2024-07-18,1721260800
60,Greed,2024-07-19,1721347200
74,Greed,2024-07-20,1721433600
74,Greed,2024-07-21,1721520000
70,Greed,2024-07-22,1721606400
71,Greed,2024-07-23,1721692800
69,Greed,2024-07-24,1721779200
68,Greed,2024-07-25,1721865600
68,Greed,2024-07-26,1721952000
72,Greed,2024-07-27,1722038400
71,Greed,2024-07-28,1722124800
74,Greed,2024-07-29,1722211200
67,Greed,2024-07-30,1722297600
61,Greed,2024-07-31,1722384000
52,Neutral,2024-08-01,1722470400
57,Greed,2024-08-02,1722556800
37,Fear,2024-08-03,1722643200
34,Fear,2024-08-04,1722729600
26,Fear,2024-08-05,1722816000
17,Extreme Fear,2024-08-06,1722902400
29,Fear,2024-08-07,1722988800
20,Extreme Fear,2024-08-08,1723075200
48,Neutral,2024-08-09,1723161600
40,Fear,2024-08-10,1723248000
39,Fear,2024-08-11,1723334400
25,Extreme Fear,2024-08-12,1723420800
31,Fear,2024-08-13,1723507200
30,Fear,2024-08-14,1723593600
29,Fear,2024-08-15,1723680000
27,Fear,2024-08-16,1723766400
25,Extreme Fear,2024-08-17,1723852800
31,Fear,2024-08-18,1723939200
28,Fear,2024-08-19,1724025600
30,Fear,2024-08-20,1724112000
26,Fear,2024-08-21,1724198400
39,Fear,2024-08-22,1724284800
34,Fear,2024-08-23,1724371200
56,Greed,2024-08-24,1724457600
54,Neutral,2024-08-25,1724544000
55,Greed,2024-08-26,1724630400
48,Neutral,2024-08-27,1724716800
30,Fear,2024-08-28,1724803200
29,Fear,2024-08-29,1724889600
34,Fear,2024-08-30,1724976000
29,Fear,2024-08-31,1725062400
26,Fear,2024-09-01,1725148800
26,Fear,2024-09-02,1725235200
26,Fear,2024-09-03,1725321600
27,Fear,2024-09-04,1725408000
29,Fear,2024-09-05,1725494400
22,Extreme Fear,2024-09-06,1725580800
23,Extreme Fear,2024-09-07,1725667200
29,Fear,2024-09-08,1725753600
26,Fear,2024-09-09,1725840000
33,Fear,2024-09-10,1725926400
37,Fear,2024-09-11,1726012800
31,Fear,2024-09-12,1726099200
32,Fear,2024-09-13,1726185600
50,Neutral,2024-09-14,1726272000
51,Neutral,2024-09-15,1726358400
39,Fear,2024-09-16,1726444800
33,Fear,2024-09-17,1726531200
45,Fear,2024-09-18,1726617600
49,Neutral,2024-09-19,1726704000
54,Neutral,2024-09-20,1726790400
54,Neutral,2024-09-21,1726876800
52,Neutral,2024-09-22,1726963200
50,Neutral,2024-09-23,1727049600
54,Neutral,2024-09-24,1727136000
59,Greed,2024-09-25,1727222400
50,Neutral,2024-09-26,1727308800
61,Greed,2024-09-27,1727395200
64,Greed,2024-09-28,1727481600
63,Greed,2024-09-29,1727568000
61,Greed,2024-09-30,1727654400
50,Neutral,2024-10-01,1727740800
42,Fear,2024-10-02,1727827200
37,Fear,2024-10-03,1727913600
41,Fear,2024-10-04,1728000000
49,Neutral,2024-10-05,1728086400
50,Neutral,2024-10-06,1728172800
50,Neutral,2024-10-07,1728259200
49,Neutral,2024-10-08,1728345600
49,Neutral,2024-10-09,1728432000
39,Fear,2024-10-10,1728518400
32,Fear,2024-10-11,1728604800
49,Neutral,2024-10-12,1728691200
50,Neutral,2024-10-13,1728777600
48,Neutral,2024-10-14,1728864000
65,Greed,2024-10-15,1728950400
73,Greed,2024-10-16,1729036800
71,Greed,2024-10-17,1729123200
73,Greed,2024-10-18,1729209600
72,Greed,2024-10-19,1729296000
73,Greed,2024-10-20,1729382400
72,Greed,2024-10-21,1729468800
70,Greed,2024-10-22,1729555200
71,Greed,2024-10-23,1729641600
69,Greed,2024-10-24,1729728000
72,Greed,2024-10-25,1729814400
74,Greed,2024-10-27,1729987200
72,Greed,2024-10-28,1730073600
72,Greed,2024-10-29,1730160000
77,Extreme Greed,2024-10-30,1730246400
77,Extreme Greed,2024-10-31,1730332800
75,Greed,2024-11-01,1730419200
72,Greed,2024-11-02,1730505600
74,Greed,2024-11-03,1730592000
70,Greed,2024-11-04,1730678400
70,Greed,2024-11-05,1730764800
70,Greed,2024-11-06,1730851200
77,Extreme Greed,2024-11-07,1730937600
75,Greed,2024-11-08,1731024000
75,Greed,2024-11-09,1731110400
78,Extreme Greed,2024-11-10,1731196800
76,Extreme Greed,2024-11-11,1731283200
80,Extreme Greed,2024-11-12,1731369600
84,Extreme Greed,2024-11-13,1731456000
88,Extreme Greed,2024-11-14,1731542400
80,Extreme Greed,2024-11-15,1731628800
86,Extreme Greed,2024-11-16,1731715200
90,Extreme Greed,2024-11-17,1731801600
83,Extreme Greed,2024-11-18,1731888000
90,Extreme Greed,2024-11-19,1731974400
83,Extreme Greed,2024-11-20,1732060800
82,Extreme Greed,2024-11-21,1732147200
94,Extreme Greed,2024-11-22,1732233600
93,Extreme Greed,2024-11-23,1732320000
80,Extreme Greed,2024-11-24,1732406400
82,Extreme Greed,2024-11-25,1732492800
79,Extreme Greed,2024-11-26,1732579200
75,Greed,2024-11-27,1732665600
77,Extreme Greed,2024-11-28,1732752000
78,Extreme Greed,2024-11-29,1732838400
84,Extreme Greed,2024-11-30,1732924800
81,Extreme Greed,2024-12-01,1733011200
80,Extreme Greed,2024-12-02,1733097600
76,Extreme Greed,2024-12-03,1733184000
78,Extreme Greed,2024-12-04,1733270400
84,Extreme Greed,2024-12-05,1733356800
72,Greed,2024-12-06,1733443200
75,Greed,2024-12-07,1733529600
79,Extreme Greed,2024-12-08,1733616000
78,Extreme Greed,2024-12-09,1733702400
78,Extreme Greed,2024-12-10,1733788800
74,Greed,2024-12-11,1733875200
83,Extreme Greed,2024-12-12,1733961600
76,Extreme Greed,2024-12-13,1734048000
83,Extreme Greed,2024-12-14,1734134400
80,Extreme Greed,2024-12-15,1734220800
83,Extreme Greed,2024-12-16,1734307200
87,Extreme Greed,2024-12-17,1734393600
81,Extreme Greed,2024-12-18,1734480000
75,Greed,2024-12-19,1734566400
74,Greed,2024-12-20,1734652800
73,Greed,2024-12-21,1734739200
73,Greed,2024-12-22,1734825600
70,Greed,2024-12-23,1734912000
73,Greed,2024-12-24,1734998400
73,Greed,2024-12-25,1735084800
79,Extreme Greed,2024-12-26,1735171200
74,Greed,2024-12-27,1735257600
72,Greed,2024-12-28,1735344000
73,Greed,2024-12-29,1735430400
65,Greed,2024-12-30,1735516800
64,Greed,2024-12-31,1735603200
66,Greed,2025-01-01,1735689600
70,Greed,2025-01-02,1735776000
74,Greed,2025-01-03,1735862400
73,Greed,2025-01-04,1735948800
72,Greed,2025-01-05,1736035200
76,Extreme Greed,2025-01-06,1736121600
78,Extreme Greed,2025-01-07,1736208000
70,Greed,2025-01-08,1736294400
69,Greed,2025-01-09,1736380800
50,Neutral,2025-01-10,1736467200
69,Greed,2025-01-11,1736553600
62,Greed,2025-01-12,1736640000
61,Greed,2025-01-13,1736726400
63,Greed,2025-01-14,1736812800
70,Greed,2025-01-15,1736899200
75,Greed,2025-01-16,1736985600
75,Greed,2025-01-17,1737072000
77,Extreme Greed,2025-01-18,1737158400
77,Extreme Greed,2025-01-19,1737244800
76,Extreme Greed,2025-01-20,1737331200
76,Extreme Greed,2025-01-21,1737417600
84,Extreme Greed,2025-01-22,1737504000
75,Greed,2025-01-23,1737590400
75,Greed,2025-01-24,1737676800
75,Greed,2025-01-25,1737763200
73,Greed,2025-01-26,1737849600
71,Greed,2025-01-27,1737936000
72,Greed,2025-01-28,1738022400
72,Greed,2025-01-29,1738108800
70,Greed,2025-01-30,1738195200
76,Extreme Greed,2025-01-31,1738281600
68,Greed,2025-02-01,1738368000
60,Greed,2025-02-02,1738454400
44,Fear,2025-02-03,1738540800
72,Greed,2025-02-04,1738627200
54,Neutral,2025-02-05,1738713600
49,Neutral,2025-02-06,1738800000
44,Fear,2025-02-07,1738886400
44,Fear,2025-02-08,1738972800
46,Fear,2025-02-09,1739059200
43,Fear,2025-02-10,1739145600
47,Neutral,2025-02-11,1739232000
46,Fear,2025-02-12,1739318400
50,Neutral,2025-02-13,1739404800
48,Neutral,2025-02-14,1739491200
50,Neutral,2025-02-15,1739577600
54,Neutral,2025-02-16,1739664000
51,Neutral,2025-02-17,1739750400
47,Neutral,2025-02-18,1739836800
44,Fear,2025-02-19,1739923200
49,Neutral,2025-02-20,1740009600
55,Greed,2025-02-21,1740096000
49,Neutral,2025-02-22,1740182400
50,Neutral,2025-02-23,1740268800
49,Neutral,2025-02-24,1740355200
25,Extreme Fear,2025-02-25,1740441600
21,Extreme Fear,2025-02-26,1740528000
10,Extreme Fear,2025-02-27,1740614400
16,Extreme Fear,2025-02-28,1740700800
20,Extreme Fear,2025-03-01,1740787200
26,Fear,2025-03-02,1740873600
33,Fear,2025-03-03,1740960000
15,Extreme Fear,2025-03-04,1741046400
20,Extreme Fear,2025-03-05,1741132800
25,Extreme Fear,2025-03-06,1741219200
34,Fear,2025-03-07,1741305600
28,Fear,2025-03-08,1741392000
27,Fear,2025-03-09,1741478400
20,Extreme Fear,2025-03-10,1741564800
24,Extreme Fear,2025-03-11,1741651200
34,Fear,2025-03-12,1741737600
45,Fear,2025-03-13,1741824000
27,Fear,2025-03-14,1741910400
46,Fear,2025-03-15,1741996800
30,Fear,2025-03-16,1742083200
32,Fear,2025-03-17,1742169600
34,Fear,2025-03-18,1742256000
32,Fear,2025-03-19,1742342400
49,Neutral,2025-03-20,1742428800
31,Fear,2025-03-21,1742515200
32,Fear,2025-03-22,1742601600
30,Fear,2025-03-23,1742688000
45,Fear,2025-03-24,1742774400
46,Fear,2025-03-25,1742860800
47,Neutral,2025-03-26,1742947200
40,Fear,2025-03-27,1743033600
44,Fear,2025-03-28,1743120000
26,Fear,2025-03-29,1743206400
32,Fear,2025-03-30,1743292800
34,Fear,2025-03-31,1743379200
34,Fear,2025-04-01,1743465600
44,Fear,2025-04-02,1743552000
25,Extreme Fear,2025-04-03,1743638400
28,Fear,2025-04-04,1743724800
30,Fear,2025-04-05,1743811200
34,Fear,2025-04-06,1743897600
23,Extreme Fear,2025-04-07,1743984000
24,Extreme Fear,2025-04-08,1744070400
18,Extreme Fear,2025-04-09,1744156800
39,Fear,2025-04-10,1744243200
25,Extreme Fear,2025-04-11,1744329600
43,Fear,2025-04-12,1744416000
45,Fear,2025-04-13,1744502400
31,Fear,2025-04-14,1744588800
38,Fear,2025-04-15,1744675200
29,Fear,2025-04-16,1744761600
30,Fear,2025-04-17,1744848000
33,Fear,2025-04-18,1744934400
32,Fear,2025-04-19,1745020800
37,Fear,2025-04-20,1745107200
39,Fear,2025-04-21,1745193600
47,Neutral,2025-04-22,1745280000
72,Greed,2025-04-23,1745366400
63,Greed,2025-04-24,1745452800
60,Greed,2025-04-25,1745539200
65,Greed,2025-04-26,1745625600
61,Greed,2025-04-27,1745712000
54,Neutral,2025-04-28,1745798400
60,Greed,2025-04-29,1745884800
56,Greed,2025-04-30,1745971200
53,Neutral,2025-05-01,1746057600
67,Greed,2025-05-02,1746144000
65,Greed,2025-05-03,1746230400
64,Greed,2025-05-04,1746316800
52,Neutral,2025-05-05,1746403200
59,Greed,2025-05-06,1746489600
67,Greed,2025-05-07,1746576000
65,Greed,2025-05-08,1746662400
73,Greed,2025-05-09,1746748800
70,Greed,2025-05-10,1746835200
70,Greed,2025-05-11,1746921600
70,Greed,2025-05-12,1747008000
70,Greed,2025-05-13,1747094400
73,Greed,2025-05-14,1747180800
70,Greed,2025-05-15,1747267200
71,Greed,2025-05-16,1747353600
74,Greed,2025-05-17,1747440000
74,Greed,2025-05-18,1747526400
74,Greed,2025-05-19,1747612800
71,Greed,2025-05-20,1747699200
70,Greed,2025-05-21,1747785600
72,Greed,2025-05-22,1747872000
78,Extreme Greed,2025-05-23,1747958400
66,Greed,2025-05-24,1748044800
74,Greed,2025-05-25,1748131200
73,Greed,2025-05-26,1748217600
74,Greed,2025-05-27,1748304000
71,Greed,2025-05-28,1748390400
74,Greed,2025-05-29,1748476800
60,Greed,2025-05-30,1748563200
50,Neutral,2025-05-31,1748649600
56,Greed,2025-06-01,1748736000
64,Greed,2025-06-02,1748822400
64,Greed,2025-06-03,1748908800
62,Greed,2025-06-04,1748995200
57,Greed,2025-06-05,1749081600
45,Fear,2025-06-06,1749168000
52,Neutral,2025-06-07,1749254400
62,Greed,2025-06-08,1749340800
62,Greed,2025-06-09,1749427200
71,Greed,2025-06-10,1749513600
72,Greed,2025-06-11,1749600000
71,Greed,2025-06-12,1749686400
61,Greed,2025-06-13,1749772800
63,Greed,2025-06-14,1749859200
60,Greed,2025-06-15,1749945600
61,Greed,2025-06-16,1750032000
68,Greed,2025-06-17,1750118400
52,Neutral,2025-06-18,1750204800
57,Greed,2025-06-19,1750291200
54,Neutral,2025-06-20,1750377600
49,Neutral,2025-06-21,1750464000
42,Fear,2025-06-22,1750550400
